,Date/Time,home_score,away_score,home_team,away_team,date_minus_1year,goals_past1,goals_past2,nb_draws1,nb_draws2,nb_draws_opp1,nb_draws_opp2,nb_losses1,nb_losses2,nb_losses_opp1,nb_losses_opp2,nb_matches1,nb_matches2,nb_wins1,nb_wins2,nb_wins_opp1,nb_wins_opp2,ratio_draws1,ratio_draws2,ratio_draws_opp1,ratio_draws_opp2,ratio_goals_past1,ratio_goals_past2,ratio_losses1,ratio_losses2,ratio_losses_opp1,ratio_losses_opp2,ratio_wins1,ratio_wins2,ratio_wins_opp1,ratio_wins_opp2
10,2018-03-27,1,1,England,Italy,2017-03-27,13,21,3,2,0,0,5,6,0,0,9,11,5,6,0,0,0.3333333333333333,0.18181818181818185,0.0,0.0,0.6842105263157895,0.7241379310344828,0.1111111111111111,0.2727272727272727,0.0,0.0,0.5555555555555556,0.5454545454545454,0.0,0.0
244,2017-11-14,0,0,England,Brazil,2016-11-14,16,19,3,2,0,0,5,7,0,0,10,10,5,7,0,0,0.3,0.2,0.0,0.0,0.64,0.8636363636363636,0.2,0.1,0.0,0.0,0.5,0.7,0.0,0.0
300,2017-11-10,0,0,England,Germany,2016-11-10,19,49,2,3,0,0,6,12,1,0,10,15,6,12,0,1,0.2,0.2,0.0,0.0,0.6785714285714286,0.8305084745762712,0.2,0.0,1.0,0.0,0.6,0.8,0.0,1.0
731,2017-06-10,2,2,Scotland,England,2016-06-10,8,14,2,4,0,0,2,5,1,0,6,11,2,5,0,1,0.3333333333333333,0.3636363636363637,0.0,0.0,0.4705882352941176,0.6666666666666666,0.3333333333333333,0.18181818181818185,1.0,0.0,0.3333333333333333,0.4545454545454545,0.0,1.0
1042,2016-11-15,2,2,England,Spain,2015-11-15,21,32,3,3,0,0,9,8,0,0,14,14,9,8,0,0,0.21428571428571427,0.21428571428571427,0.0,0.0,0.6774193548387096,0.7804878048780488,0.14285714285714285,0.21428571428571427,0.0,0.0,0.6428571428571429,0.5714285714285714,0.0,0.0
1184,2016-10-11,0,0,Slovenia,England,2015-10-11,7,21,3,2,0,0,3,9,0,0,9,14,3,9,0,0,0.3333333333333333,0.14285714285714285,0.0,0.0,0.5,0.6363636363636364,0.3333333333333333,0.21428571428571427,0.0,0.0,0.3333333333333333,0.6428571428571429,0.0,0.0
1444,2016-06-20,0,0,Slovakia,England,2015-06-20,21,27,4,1,0,0,6,10,0,0,13,13,6,10,0,0,0.3076923076923077,0.07692307692307693,0.0,0.0,0.5833333333333334,0.7297297297297297,0.2307692307692308,0.15384615384615385,0.0,0.0,0.4615384615384616,0.7692307692307693,0.0,0.0
1497,2016-06-11,1,1,England,Russia,2015-06-11,27,21,0,1,0,0,10,6,0,0,12,11,10,6,0,0,0.0,0.09090909090909093,0.0,0.0,0.7297297297297297,0.6363636363636364,0.16666666666666666,0.3636363636363637,0.0,0.0,0.8333333333333334,0.5454545454545454,0.0,0.0
2541,2015-06-07,0,0,Ireland,England,2014-06-07,18,22,2,3,0,0,4,7,0,0,8,12,4,7,0,0,0.25,0.25,0.0,0.0,0.6428571428571429,0.7586206896551724,0.25,0.16666666666666666,0.0,0.0,0.5,0.5833333333333334,0.0,0.0
2621,2015-03-31,1,1,Italy,England,2014-03-31,14,26,4,3,0,0,6,8,0,1,12,13,6,8,1,0,0.3333333333333333,0.2307692307692308,0.0,0.0,0.6363636363636364,0.7647058823529411,0.16666666666666666,0.15384615384615385,0.0,1.0,0.5,0.6153846153846154,1.0,0.0
3336,2014-06-24,0,0,Costa Rica,England,2013-06-24,20,21,2,3,0,0,7,6,0,0,16,13,7,6,0,0,0.125,0.2307692307692308,0.0,0.0,0.5405405405405406,0.6363636363636364,0.4375,0.3076923076923077,0.0,0.0,0.4375,0.4615384615384616,0.0,0.0
3383,2014-06-07,0,0,Honduras,England,2013-06-07,18,19,3,2,0,0,6,6,0,0,15,10,6,6,0,0,0.2,0.2,0.0,0.0,0.4390243902439024,0.7037037037037037,0.4,0.2,0.0,0.0,0.4,0.6,0.0,0.0
3399,2014-06-04,2,2,Ecuador,England,2013-06-04,12,17,5,1,0,0,2,6,0,0,12,9,2,6,0,0,0.4166666666666667,0.1111111111111111,0.0,0.0,0.4137931034482759,0.7391304347826086,0.4166666666666667,0.2222222222222222,0.0,0.0,0.16666666666666666,0.6666666666666666,0.0,0.0
3927,2013-09-10,0,0,Ukraine,England,2012-09-10,24,30,3,5,1,1,7,5,0,0,11,11,7,5,0,0,0.2727272727272727,0.4545454545454545,1.0,1.0,0.8571428571428571,0.6976744186046512,0.09090909090909093,0.09090909090909093,0.0,0.0,0.6363636363636364,0.4545454545454545,0.0,0.0
4296,2013-06-02,2,2,Brazil,England,2012-06-02,39,34,4,6,0,0,7,8,1,0,15,15,7,8,0,1,0.26666666666666666,0.4,0.0,0.0,0.6964285714285714,0.7234042553191491,0.26666666666666666,0.06666666666666668,1.0,0.0,0.4666666666666667,0.5333333333333333,0.0,1.0
4304,2013-05-29,1,1,England,Ireland,2012-05-29,33,16,5,4,0,0,8,4,0,0,14,13,8,4,0,0,0.35714285714285715,0.3076923076923077,0.0,0.0,0.7333333333333333,0.4324324324324325,0.07142857142857142,0.38461538461538464,0.0,0.0,0.5714285714285714,0.3076923076923077,0.0,0.0
4364,2013-03-26,1,1,Montenegro,England,2012-03-26,17,33,2,4,0,0,5,9,0,0,7,14,5,9,0,0,0.2857142857142857,0.2857142857142857,0.0,0.0,0.8095238095238095,0.75,0.0,0.07142857142857142,0.0,0.0,0.7142857142857143,0.6428571428571429,0.0,0.0
4814,2012-10-17,1,1,Poland,England,2011-10-17,15,24,4,3,0,0,6,9,0,0,13,13,6,9,0,0,0.3076923076923077,0.2307692307692308,0.0,0.0,0.625,0.75,0.2307692307692308,0.07692307692307693,0.0,0.0,0.4615384615384616,0.6923076923076923,0.0,0.0
4974,2012-09-11,1,1,England,Ukraine,2011-09-11,20,21,3,2,0,0,8,6,0,1,12,12,8,6,1,0,0.25,0.16666666666666666,0.0,0.0,0.6896551724137931,0.5833333333333334,0.08333333333333333,0.3333333333333333,0.0,1.0,0.6666666666666666,0.5,1.0,0.0
5182,2012-06-24,0,0,England,Italy,2011-06-24,17,14,2,3,0,0,8,6,0,0,11,12,8,6,0,0,0.18181818181818185,0.25,0.0,0.0,0.68,0.6086956521739131,0.09090909090909093,0.25,0.0,0.0,0.7272727272727273,0.5,0.0,0.0
5234,2012-06-11,1,1,France,England,2011-06-11,19,12,4,1,0,0,7,6,0,0,11,8,7,6,0,0,0.3636363636363637,0.125,0.0,0.0,0.76,0.7058823529411765,0.0,0.125,0.0,0.0,0.6363636363636364,0.75,0.0,0.0
5912,2011-10-07,2,2,Montenegro,England,2010-10-07,8,12,2,3,1,1,3,4,0,0,7,8,3,4,0,0,0.2857142857142857,0.375,1.0,1.0,0.5714285714285714,0.6666666666666666,0.2857142857142857,0.125,0.0,0.0,0.42857142857142855,0.5,0.0,0.0
6342,2011-06-04,2,2,England,Switzerland,2010-06-04,18,10,4,6,0,0,6,3,0,1,12,12,6,3,1,0,0.3333333333333333,0.5,0.0,0.0,0.6206896551724138,0.5263157894736842,0.16666666666666666,0.25,0.0,1.0,0.5,0.25,1.0,0.0
6420,2011-03-29,1,1,England,Ghana,2010-03-29,22,17,3,4,0,0,8,6,0,0,13,13,8,6,0,0,0.2307692307692308,0.3076923076923077,0.0,0.0,0.6470588235294118,0.6296296296296297,0.15384615384615385,0.2307692307692308,0.0,0.0,0.6153846153846154,0.4615384615384616,0.0,0.0
6848,2010-10-12,0,0,England,Montenegro,2009-10-12,23,8,2,1,0,0,8,5,0,0,12,9,8,5,0,0,0.16666666666666666,0.1111111111111111,0.0,0.0,0.6764705882352942,0.6153846153846154,0.16666666666666666,0.3333333333333333,0.0,0.0,0.6666666666666666,0.5555555555555556,0.0,0.0
7213,2010-06-18,0,0,England,Algeria,2009-06-18,21,13,2,1,0,0,6,8,0,0,10,16,6,8,0,0,0.2,0.0625,0.0,0.0,0.6774193548387096,0.3939393939393939,0.2,0.4375,0.0,0.0,0.6,0.5,0.0,0.0
7232,2010-06-12,1,1,England,USA,2009-06-12,20,41,1,2,0,0,6,12,0,0,9,24,6,12,0,0,0.1111111111111111,0.08333333333333333,0.0,0.0,0.6896551724137931,0.5061728395061729,0.2222222222222222,0.4166666666666667,0.0,0.0,0.6666666666666666,0.5,0.0,0.0
7894,2009-08-12,2,2,Netherlands,England,2008-08-12,22,34,2,1,0,0,8,9,0,0,11,11,8,9,0,0,0.18181818181818185,0.09090909090909093,0.0,0.0,0.7586206896551724,0.7906976744186046,0.09090909090909093,0.09090909090909093,0.0,0.0,0.7272727272727273,0.8181818181818182,0.0,0.0
8752,2008-08-20,2,2,England,Czech Republic,2007-08-20,21,23,0,2,0,0,7,8,0,0,11,13,7,8,0,0,0.0,0.15384615384615385,0.0,0.0,0.7,0.6571428571428571,0.3636363636363637,0.2307692307692308,0.0,0.0,0.6363636363636364,0.6153846153846154,0.0,0.0
10102,2007-06-01,1,1,England,Brazil,2006-06-01,26,29,5,1,0,0,8,11,0,0,15,14,8,11,0,0,0.3333333333333333,0.07142857142857142,0.0,0.0,0.8125,0.8055555555555556,0.13333333333333333,0.14285714285714285,0.0,0.0,0.5333333333333333,0.7857142857142857,0.0,0.0
10207,2007-03-24,0,0,Israel,England,2006-03-24,11,26,3,4,0,0,2,8,0,0,6,14,2,8,0,0,0.5,0.2857142857142857,0.0,0.0,0.5789473684210527,0.7878787878787878,0.16666666666666666,0.14285714285714285,0.0,0.0,0.3333333333333333,0.5714285714285714,0.0,0.0
10458,2006-11-15,1,1,Netherlands,England,2005-11-15,19,27,3,3,0,0,9,9,0,0,13,13,9,9,0,0,0.2307692307692308,0.2307692307692308,0.0,0.0,0.76,0.8181818181818182,0.07692307692307693,0.07692307692307693,0.0,0.0,0.6923076923076923,0.6923076923076923,0.0,0.0
10557,2006-10-07,0,0,England,Macedonia,2005-10-07,33,6,2,1,0,0,12,4,0,1,14,7,12,4,1,0,0.14285714285714285,0.14285714285714285,0.0,0.0,0.825,0.6,0.0,0.2857142857142857,0.0,1.0,0.8571428571428571,0.5714285714285714,1.0,0.0
10814,2006-07-01,0,0,England,Portugal,2005-07-01,25,32,1,2,0,0,10,12,0,0,13,14,10,12,0,0,0.07692307692307693,0.14285714285714285,0.0,0.0,0.6756756756756757,0.8888888888888888,0.15384615384615385,0.0,0.0,0.0,0.7692307692307693,0.8571428571428571,0.0,0.0
10845,2006-06-20,2,2,Sweden,England,2005-06-20,14,22,6,0,0,0,5,9,0,0,13,11,5,9,0,0,0.4615384615384616,0.0,0.0,0.0,0.5833333333333334,0.6875,0.15384615384615385,0.18181818181818185,0.0,0.0,0.38461538461538464,0.8181818181818182,0.0,0.0
11880,2005-02-09,0,0,England,Netherlands,2004-02-09,28,30,4,5,0,0,7,8,0,0,14,17,7,8,0,0,0.2857142857142857,0.29411764705882354,0.0,0.0,0.6666666666666666,0.6976744186046512,0.21428571428571427,0.2352941176470588,0.0,0.0,0.5,0.4705882352941176,0.0,0.0
12326,2004-09-04,2,2,Austria,England,2003-09-04,9,27,2,4,0,0,1,6,0,0,6,13,1,6,0,0,0.3333333333333333,0.3076923076923077,0.0,0.0,0.45,0.6585365853658537,0.5,0.2307692307692308,0.0,0.0,0.16666666666666666,0.4615384615384616,0.0,0.0
12504,2004-06-24,2,2,Portugal,England,2003-06-24,31,25,3,3,1,1,8,6,0,0,14,12,8,6,0,0,0.21428571428571427,0.25,1.0,1.0,0.6739130434782609,0.6578947368421053,0.21428571428571427,0.25,0.0,0.0,0.5714285714285714,0.5,0.0,0.0
12651,2004-06-01,1,1,England,Japan,2003-06-01,14,27,2,4,0,0,5,10,0,0,9,19,5,10,0,0,0.2222222222222222,0.21052631578947367,0.0,0.0,0.6086956521739131,0.6428571428571429,0.2222222222222222,0.2631578947368421,0.0,0.0,0.5555555555555556,0.5263157894736842,0.0,0.0
12919,2004-02-18,1,1,Portugal,England,2003-02-18,24,19,3,1,0,0,7,8,0,0,11,10,7,8,0,0,0.2727272727272727,0.1,0.0,0.0,0.7272727272727273,0.7037037037037037,0.09090909090909093,0.1,0.0,0.0,0.6363636363636364,0.8,0.0,0.0
13243,2003-10-11,0,0,Turkey,England,2002-10-11,27,22,4,1,0,0,8,9,1,0,16,11,8,9,0,1,0.25,0.09090909090909093,0.0,0.0,0.5744680851063829,0.6666666666666666,0.25,0.09090909090909093,1.0,0.0,0.5,0.8181818181818182,0.0,1.0
14072,2002-10-16,2,2,England,Macedonia,2001-10-16,19,13,7,4,0,0,4,2,0,0,13,10,4,2,0,0,0.5384615384615384,0.4,0.0,0.0,0.6129032258064516,0.41935483870967744,0.15384615384615385,0.4,0.0,0.0,0.3076923076923077,0.2,0.0,0.0
14162,2002-09-07,1,1,England,Portugal,2001-09-07,18,21,7,2,0,0,3,4,0,0,12,9,3,4,0,0,0.5833333333333334,0.2222222222222222,0.0,0.0,0.6,0.65625,0.16666666666666666,0.3333333333333333,0.0,0.0,0.25,0.4444444444444444,0.0,0.0
14331,2002-06-12,0,0,Nigeria,England,2001-06-12,32,21,5,6,0,0,11,4,0,0,20,12,11,4,0,0,0.25,0.5,0.0,0.0,0.6808510638297872,0.6176470588235294,0.2,0.16666666666666666,0.0,0.0,0.55,0.3333333333333333,0.0,0.0
14366,2002-06-02,1,1,England,Sweden,2001-06-02,21,24,5,5,1,1,4,6,0,0,11,12,4,6,0,0,0.4545454545454545,0.4166666666666667,1.0,1.0,0.6363636363636364,0.7272727272727273,0.18181818181818185,0.08333333333333333,0.0,0.0,0.3636363636363637,0.5,0.0,0.0
14375,2002-05-26,2,2,Cameroon,England,2001-05-26,22,19,5,4,0,0,9,4,0,0,17,10,9,4,0,0,0.29411764705882354,0.4,0.0,0.0,0.6666666666666666,0.6551724137931034,0.17647058823529413,0.2,0.0,0.0,0.5294117647058824,0.4,0.0,0.0
14388,2002-05-21,1,1,Korea Republic,England,2001-05-21,23,22,8,3,0,0,8,5,0,0,23,10,8,5,0,0,0.3478260869565217,0.3,0.0,0.0,0.4693877551020408,0.7096774193548387,0.3043478260869565,0.2,0.0,0.0,0.3478260869565217,0.5,0.0,0.0
14551,2002-02-13,1,1,Netherlands,England,2001-02-13,27,24,3,2,0,0,6,7,0,1,10,10,6,7,1,0,0.3,0.2,0.0,0.0,0.8181818181818182,0.75,0.1,0.1,0.0,1.0,0.6,0.7,1.0,0.0
14739,2001-11-10,1,1,England,Sweden,2000-11-10,23,35,1,3,0,0,7,12,0,0,10,16,7,12,0,0,0.1,0.1875,0.0,0.0,0.7419354838709677,0.8536585365853658,0.2,0.0625,0.0,0.0,0.7,0.75,0.0,0.0
14804,2001-10-06,2,2,England,Greece,2000-10-06,21,11,1,4,0,0,7,2,0,1,11,11,7,2,1,0,0.09090909090909093,0.3636363636363637,0.0,0.0,0.75,0.34375,0.2727272727272727,0.4545454545454545,0.0,1.0,0.6363636363636364,0.18181818181818185,1.0,0.0
15773,2000-10-11,0,0,Finland,England,1999-10-11,13,13,2,3,0,0,5,4,0,0,11,11,5,4,0,0,0.18181818181818185,0.2727272727272727,0.0,0.0,0.5,0.5416666666666666,0.3636363636363637,0.3636363636363637,0.0,0.0,0.4545454545454545,0.3636363636363637,0.0,0.0
15890,2000-09-02,1,1,France,England,1999-09-02,37,20,2,3,0,0,13,6,0,0,16,12,13,6,0,0,0.125,0.25,0.0,0.0,0.6981132075471698,0.6666666666666666,0.0625,0.25,0.0,0.0,0.8125,0.5,0.0,0.0
16213,2000-05-27,1,1,England,Brazil,1999-05-27,11,66,4,4,0,0,3,18,0,0,8,24,3,18,0,0,0.5,0.16666666666666666,0.0,0.0,0.7857142857142857,0.7764705882352941,0.125,0.08333333333333333,0.0,0.0,0.375,0.75,0.0,0.0
16511,2000-02-23,0,0,England,Argentina,1999-02-23,15,17,4,3,0,0,4,5,0,0,9,12,4,5,0,0,0.4444444444444444,0.25,0.0,0.0,0.75,0.53125,0.1111111111111111,0.3333333333333333,0.0,0.0,0.4444444444444444,0.4166666666666667,0.0,0.0
16851,1999-09-08,0,0,Poland,England,1998-09-08,18,16,2,4,0,0,7,4,1,0,13,9,7,4,0,1,0.15384615384615385,0.4444444444444444,0.0,0.0,0.5806451612903226,0.7619047619047619,0.3076923076923077,0.1111111111111111,1.0,0.0,0.5384615384615384,0.4444444444444444,0.0,1.0
17052,1999-06-09,1,1,Bulgaria,England,1998-06-09,7,17,3,4,1,1,3,5,0,0,13,12,3,5,0,0,0.2307692307692308,0.3333333333333333,1.0,1.0,0.28,0.6296296296296297,0.5384615384615384,0.25,0.0,0.0,0.2307692307692308,0.4166666666666667,0.0,0.0
17083,1999-06-05,0,0,England,Sweden,1998-06-05,17,10,3,0,0,0,5,7,1,0,11,8,5,7,0,1,0.2727272727272727,0.0,0.0,0.0,0.6296296296296297,0.7142857142857143,0.2727272727272727,0.125,1.0,0.0,0.4545454545454545,0.875,0.0,1.0
17163,1999-04-28,1,1,Hungary,England,1998-04-28,17,17,3,4,0,0,5,6,0,0,9,13,5,6,0,0,0.3333333333333333,0.3076923076923077,0.0,0.0,0.7391304347826086,0.6538461538461539,0.1111111111111111,0.2307692307692308,0.0,0.0,0.5555555555555556,0.4615384615384616,0.0,0.0
17476,1998-10-10,0,0,England,Bulgaria,1997-10-10,15,7,5,1,0,0,5,2,0,0,13,9,5,2,0,0,0.38461538461538464,0.1111111111111111,0.0,0.0,0.625,0.28,0.2307692307692308,0.6666666666666666,0.0,0.0,0.38461538461538464,0.2222222222222222,0.0,0.0
17714,1998-06-30,2,2,Argentina,England,1997-06-30,31,16,2,4,0,0,13,6,0,0,16,12,13,6,0,0,0.125,0.3333333333333333,0.0,0.0,0.8378378378378378,0.7619047619047619,0.0625,0.16666666666666666,0.0,0.0,0.8125,0.5,0.0,0.0
17814,1998-05-29,0,0,Belgium,England,1997-05-29,18,16,3,3,0,0,4,7,0,0,9,12,4,7,0,0,0.3333333333333333,0.25,0.0,0.0,0.6206896551724138,0.8,0.2222222222222222,0.16666666666666666,0.0,0.0,0.4444444444444444,0.5833333333333334,0.0,0.0
17832,1998-05-23,0,0,England,Saudi Arabia,1997-05-23,17,19,2,5,0,0,7,8,0,0,11,18,7,8,0,0,0.18181818181818185,0.2777777777777778,0.0,0.0,0.7727272727272727,0.475,0.18181818181818185,0.2777777777777778,0.0,0.0,0.6363636363636364,0.4444444444444444,0.0,0.0
17911,1998-03-25,1,1,Switzerland,England,1997-03-25,9,17,1,1,0,0,3,8,0,0,7,11,3,8,0,0,0.14285714285714285,0.09090909090909093,0.0,0.0,0.5,0.8095238095238095,0.42857142857142855,0.18181818181818185,0.0,0.0,0.42857142857142855,0.7272727272727273,0.0,0.0
18200,1997-10-11,0,0,Italy,England,1996-10-11,15,17,4,0,0,0,4,8,1,1,10,10,4,8,1,1,0.4,0.0,0.0,0.0,0.625,0.85,0.2,0.2,0.5,0.5,0.4,0.8,0.5,0.5
19339,1996-06-26,1,1,Germany,England,1995-06-26,39,17,3,6,0,0,12,5,0,0,16,11,12,5,0,0,0.1875,0.5454545454545454,0.0,0.0,0.7959183673469388,0.8095238095238095,0.0625,0.0,0.0,0.0,0.75,0.4545454545454545,0.0,0.0
19348,1996-06-22,0,0,Spain,England,1995-06-22,17,17,4,5,0,0,5,5,0,0,9,10,5,5,0,0,0.4444444444444444,0.5,0.0,0.0,0.7727272727272727,0.8095238095238095,0.0,0.0,0.0,0.0,0.5555555555555556,0.5,0.0,0.0
19421,1996-06-08,1,1,England,Switzerland,1995-06-08,14,11,5,2,0,0,3,3,0,1,9,10,3,3,1,0,0.5555555555555556,0.2,0.0,0.0,0.6363636363636364,0.5238095238095238,0.1111111111111111,0.5,0.0,1.0,0.3333333333333333,0.3,1.0,0.0
19557,1996-04-24,0,0,England,Croatia,1995-04-24,10,23,4,1,0,0,2,7,0,0,7,9,2,7,0,0,0.5714285714285714,0.1111111111111111,0.0,0.0,0.5263157894736842,0.7931034482758621,0.14285714285714285,0.1111111111111111,0.0,0.0,0.2857142857142857,0.7777777777777778,0.0,0.0
19757,1995-12-12,1,1,England,Portugal,1994-12-12,9,25,4,3,0,0,2,5,0,0,8,9,2,5,0,0,0.5,0.3333333333333333,0.0,0.0,0.5,0.8064516129032258,0.25,0.1111111111111111,0.0,0.0,0.25,0.5555555555555556,0.0,0.0
19892,1995-10-11,0,0,Norway,England,1994-10-11,28,8,3,4,0,0,8,2,0,0,12,8,8,2,0,0,0.25,0.5,0.0,0.0,0.8235294117647058,0.4705882352941176,0.08333333333333333,0.25,0.0,0.0,0.6666666666666666,0.25,0.0,0.0
19921,1995-09-06,0,0,England,Colombia,1994-09-06,10,11,3,4,0,0,3,5,0,0,8,12,3,5,0,0,0.375,0.3333333333333333,0.0,0.0,0.5263157894736842,0.5238095238095238,0.25,0.25,0.0,0.0,0.375,0.4166666666666667,0.0,0.0
20092,1995-06-08,3,3,England,Sweden,1994-06-08,6,30,2,6,0,0,3,6,0,0,6,17,3,6,0,0,0.3333333333333333,0.35294117647058826,0.0,0.0,0.6666666666666666,0.5660377358490566,0.16666666666666666,0.29411764705882354,0.0,0.0,0.5,0.35294117647058826,0.0,0.0
20245,1995-03-29,0,0,England,Uruguay,1994-03-29,9,6,2,2,0,0,3,1,0,0,6,5,3,1,0,0,0.3333333333333333,0.4,0.0,0.0,0.8181818181818182,0.4615384615384616,0.16666666666666666,0.4,0.0,0.0,0.5,0.2,0.0,0.0
20499,1994-10-12,1,1,England,Romania,1993-10-12,15,25,1,4,0,0,4,9,0,0,6,15,4,9,0,0,0.16666666666666666,0.26666666666666666,0.0,0.0,0.8333333333333334,0.6097560975609756,0.16666666666666666,0.13333333333333333,0.0,0.0,0.6666666666666666,0.6,0.0,0.0
20728,1994-05-22,0,0,England,Norway,1993-05-22,19,19,2,3,0,0,4,6,1,0,10,11,4,6,0,1,0.2,0.2727272727272727,0.0,0.0,0.6333333333333333,0.7916666666666666,0.4,0.18181818181818185,1.0,0.0,0.4,0.5454545454545454,0.0,1.0
21240,1993-06-13,1,1,Brazil,England,1992-06-13,24,17,3,4,0,0,6,3,0,0,10,11,6,3,0,0,0.3,0.3636363636363637,0.0,0.0,0.6857142857142857,0.6071428571428571,0.1,0.3636363636363637,0.0,0.0,0.6,0.2727272727272727,0.0,0.0
21291,1993-05-29,1,1,Poland,England,1992-05-29,17,18,8,4,0,0,6,4,0,0,15,10,6,4,0,0,0.5333333333333333,0.4,0.0,0.0,0.6071428571428571,0.72,0.06666666666666668,0.2,0.0,0.0,0.4,0.4,0.0,0.0
21387,1993-04-28,2,2,England,Netherlands,1992-04-28,20,31,5,4,0,0,5,7,0,0,12,13,5,7,0,0,0.4166666666666667,0.3076923076923077,0.0,0.0,0.7142857142857143,0.6739130434782609,0.16666666666666666,0.15384615384615385,0.0,0.0,0.4166666666666667,0.5384615384615384,0.0,0.0
21796,1992-10-14,1,1,England,Norway,1991-10-14,13,22,6,5,0,0,4,5,0,0,12,11,4,5,0,0,0.5,0.4545454545454545,0.0,0.0,0.5652173913043478,0.7857142857142857,0.16666666666666666,0.09090909090909093,0.0,0.0,0.3333333333333333,0.4545454545454545,0.0,0.0
22035,1992-06-14,0,0,France,England,1991-06-14,18,12,3,5,0,0,4,4,1,0,9,10,4,4,0,1,0.3333333333333333,0.5,0.0,0.0,0.5806451612903226,0.6,0.2222222222222222,0.1,1.0,0.0,0.4444444444444444,0.4,0.0,1.0
22046,1992-06-11,0,0,Denmark,England,1991-06-11,12,16,2,4,0,0,4,5,0,0,9,10,4,5,0,0,0.2222222222222222,0.4,0.0,0.0,0.5454545454545454,0.6153846153846154,0.3333333333333333,0.1,0.0,0.0,0.4444444444444444,0.5,0.0,0.0
22101,1992-05-17,1,1,England,Brazil,1991-05-17,22,27,4,2,0,0,8,9,0,0,13,15,8,9,0,0,0.3076923076923077,0.13333333333333333,0.0,0.0,0.6666666666666666,0.6585365853658537,0.07692307692307693,0.26666666666666666,0.0,0.0,0.6153846153846154,0.6,0.0,0.0
22125,1992-04-29,2,2,Russia,England,1991-04-29,25,20,6,3,0,0,7,8,1,0,16,12,7,8,0,1,0.375,0.25,0.0,0.0,0.5813953488372093,0.6896551724137931,0.1875,0.08333333333333333,1.0,0.0,0.4375,0.6666666666666666,0.0,1.0
22163,1992-03-25,2,2,Czech Republic,England,1991-03-25,16,19,2,3,0,0,5,8,0,0,11,12,5,8,0,0,0.18181818181818185,0.25,0.0,0.0,0.5714285714285714,0.7037037037037037,0.3636363636363637,0.08333333333333333,0.0,0.0,0.4545454545454545,0.6666666666666666,0.0,0.0
22288,1991-11-13,1,1,Poland,England,1990-11-13,15,19,5,3,0,0,4,8,0,0,12,12,4,8,0,0,0.4166666666666667,0.25,0.0,0.0,0.4545454545454545,0.7037037037037037,0.25,0.08333333333333333,0.0,0.0,0.3333333333333333,0.6666666666666666,0.0,0.0
22529,1991-05-25,2,2,England,Argentina,1990-05-25,20,12,6,6,0,0,8,4,0,0,15,12,8,4,0,0,0.4,0.5,0.0,0.0,0.6666666666666666,0.6,0.06666666666666668,0.16666666666666666,0.0,0.0,0.5333333333333333,0.3333333333333333,0.0,0.0
22628,1991-03-27,1,1,England,Ireland,1990-03-27,22,18,5,7,2,2,9,6,0,0,16,14,9,6,0,0,0.3125,0.5,1.0,1.0,0.6470588235294118,0.7826086956521741,0.125,0.07142857142857142,0.0,0.0,0.5625,0.42857142857142855,0.0,0.0
22729,1990-11-14,1,1,Ireland,England,1989-11-14,16,21,6,5,1,1,6,9,0,0,13,16,6,9,0,0,0.4615384615384616,0.3125,1.0,1.0,0.8,0.6363636363636364,0.07692307692307693,0.125,0.0,0.0,0.4615384615384616,0.5625,0.0,0.0
22866,1990-07-04,1,1,Germany,England,1989-07-04,28,16,3,6,0,0,8,7,0,0,12,14,8,7,0,0,0.25,0.42857142857142855,0.0,0.0,0.7,0.64,0.08333333333333333,0.07142857142857142,0.0,0.0,0.6666666666666666,0.5,0.0,0.0
22895,1990-06-16,0,0,England,Netherlands,1989-06-16,11,13,5,3,0,0,4,3,0,0,10,9,4,3,0,0,0.5,0.3333333333333333,0.0,0.0,0.6111111111111112,0.5652173913043478,0.1,0.3333333333333333,0.0,0.0,0.4,0.3333333333333333,0.0,0.0
22907,1990-06-11,1,1,England,Ireland,1989-06-11,10,12,4,3,0,0,4,5,0,0,9,8,4,5,0,0,0.4444444444444444,0.375,0.0,0.0,0.625,0.8571428571428571,0.1111111111111111,0.0,0.0,0.0,0.4444444444444444,0.625,0.0,0.0
22926,1990-06-02,1,1,Tunisia,England,1989-06-02,5,13,2,4,0,0,3,5,0,0,11,10,3,5,0,0,0.18181818181818185,0.4,0.0,0.0,0.35714285714285715,0.6842105263157895,0.5454545454545454,0.1,0.0,0.0,0.2727272727272727,0.5,0.0,0.0
23155,1989-11-15,0,0,England,Italy,1988-11-15,16,15,5,1,0,0,5,7,0,0,10,10,5,7,0,0,0.5,0.1,0.0,0.0,0.8421052631578947,0.8333333333333334,0.0,0.2,0.0,0.0,0.5,0.7,0.0,0.0
23232,1989-10-11,0,0,Poland,England,1988-10-11,13,16,1,5,0,0,5,5,1,0,10,10,5,5,0,1,0.1,0.5,0.0,0.0,0.5416666666666666,0.8421052631578947,0.4,0.0,1.0,0.0,0.5,0.5,0.0,1.0
23267,1989-09-06,0,0,Sweden,England,1988-09-06,12,17,2,4,1,1,5,6,0,0,9,10,5,6,0,0,0.2222222222222222,0.4,1.0,1.0,0.48,0.85,0.2222222222222222,0.0,0.0,0.0,0.5555555555555556,0.6,0.0,0.0
23416,1989-06-07,1,1,Denmark,England,1988-06-07,20,18,4,3,0,0,6,6,1,0,15,12,6,6,0,1,0.26666666666666666,0.25,0.0,0.0,0.6060606060606061,0.6666666666666666,0.3333333333333333,0.25,1.0,0.0,0.4,0.5,0.0,1.0
23475,1989-05-23,0,0,England,Chile,1988-05-23,15,18,3,6,0,0,5,6,0,0,11,18,5,6,0,0,0.2727272727272727,0.3333333333333333,0.0,0.0,0.6,0.5454545454545454,0.2727272727272727,0.3333333333333333,0.0,0.0,0.4545454545454545,0.3333333333333333,0.0,0.0
23781,1988-11-16,1,1,Saudi Arabia,England,1987-11-16,18,8,8,5,0,0,5,3,0,0,21,11,5,3,0,0,0.3809523809523809,0.4545454545454545,0.0,0.0,0.4090909090909091,0.4444444444444444,0.3809523809523809,0.2727272727272727,0.0,0.0,0.2380952380952381,0.2727272727272727,0.0,0.0
23833,1988-10-19,0,0,England,Sweden,1987-10-19,12,17,4,2,0,0,4,5,0,0,11,9,4,5,0,0,0.3636363636363637,0.2222222222222222,0.0,0.0,0.5217391304347826,0.68,0.2727272727272727,0.2222222222222222,0.0,0.0,0.3636363636363637,0.5555555555555556,0.0,0.0
24053,1988-05-24,1,1,England,Colombia,1987-05-24,16,15,3,1,0,0,3,6,0,0,7,9,3,6,0,0,0.42857142857142855,0.1111111111111111,0.0,0.0,0.7272727272727273,0.6818181818181818,0.14285714285714285,0.2222222222222222,0.0,0.0,0.42857142857142855,0.6666666666666666,0.0,0.0
24093,1988-04-27,0,0,Hungary,England,1987-04-27,12,16,2,5,0,0,4,2,0,0,10,8,4,2,0,0,0.2,0.625,0.0,0.0,0.48,0.6956521739130435,0.4,0.125,0.0,0.0,0.4,0.25,0.0,0.0
24132,1988-03-23,2,2,England,Netherlands,1987-03-23,16,21,4,2,0,0,3,6,0,0,8,8,3,6,0,0,0.5,0.25,0.0,0.0,0.7619047619047619,0.9545454545454546,0.125,0.0,0.0,0.0,0.375,0.75,0.0,0.0
24191,1988-02-17,0,0,Israel,England,1987-02-17,8,20,3,3,0,0,0,4,0,0,12,8,0,4,0,0,0.25,0.375,0.0,0.0,0.2222222222222222,0.7407407407407407,0.75,0.125,0.0,0.0,0.0,0.5,0.0,0.0
24470,1987-05-23,0,0,Scotland,England,1986-05-23,5,20,3,3,0,0,1,7,0,0,8,13,1,7,0,0,0.375,0.2307692307692308,0.0,0.0,0.38461538461538464,0.7407407407407407,0.5,0.2307692307692308,0.0,0.0,0.125,0.5384615384615384,0.0,0.0
24474,1987-05-19,1,1,England,Brazil,1986-05-19,19,10,2,1,0,0,7,4,0,0,12,5,7,4,0,0,0.16666666666666666,0.2,0.0,0.0,0.76,0.9090909090909092,0.25,0.0,0.0,0.0,0.5833333333333334,0.8,0.0,0.0
24488,1987-04-29,0,0,Turkey,England,1986-04-29,4,22,1,1,0,0,1,8,0,0,4,12,1,8,0,0,0.25,0.08333333333333333,0.0,0.0,0.3333333333333333,0.7857142857142857,0.5,0.25,0.0,0.0,0.25,0.6666666666666666,0.0,0.0
24784,1986-06-06,0,0,England,Morocco,1985-06-06,28,11,2,6,0,0,9,4,0,0,14,14,9,4,0,0,0.14285714285714285,0.42857142857142855,0.0,0.0,0.8,0.5789473684210527,0.21428571428571427,0.2857142857142857,0.0,0.0,0.6428571428571429,0.2857142857142857,0.0,0.0
25047,1985-11-13,0,0,England,Northern Ireland,1984-11-13,27,5,3,2,0,0,6,3,0,1,12,6,6,3,1,0,0.25,0.3333333333333333,0.0,0.0,0.7941176470588235,0.7142857142857143,0.25,0.16666666666666666,0.0,1.0,0.5,0.5,1.0,0.0
25134,1985-09-11,1,1,England,Romania,1984-09-11,27,13,2,4,1,1,7,3,0,0,12,10,7,3,0,0,0.16666666666666666,0.4,1.0,1.0,0.8181818181818182,0.5416666666666666,0.25,0.3,0.0,0.0,0.5833333333333334,0.3,0.0,0.0
25269,1985-05-22,1,1,Finland,England,1984-05-22,13,20,2,3,0,0,2,6,1,0,15,11,2,6,0,1,0.13333333333333333,0.2727272727272727,0.0,0.0,0.2888888888888889,0.7692307692307693,0.7333333333333333,0.18181818181818185,1.0,0.0,0.13333333333333333,0.5454545454545454,0.0,1.0
25302,1985-05-01,0,0,Romania,England,1984-05-01,18,20,3,2,0,0,4,6,0,0,12,11,4,6,0,0,0.25,0.18181818181818185,0.0,0.0,0.5294117647058824,0.7407407407407407,0.4166666666666667,0.2727272727272727,0.0,0.0,0.3333333333333333,0.5454545454545454,0.0,0.0
25915,1984-06-17,0,0,Chile,England,1983-06-17,22,12,3,2,0,0,7,4,0,0,13,11,7,4,0,0,0.2307692307692308,0.18181818181818185,0.0,0.0,0.6666666666666666,0.5454545454545454,0.2307692307692308,0.4545454545454545,0.0,0.0,0.5384615384615384,0.3636363636363637,0.0,0.0
25952,1984-05-26,1,1,Scotland,England,1983-05-26,13,12,1,3,0,0,5,5,1,0,9,11,5,5,0,1,0.1111111111111111,0.2727272727272727,0.0,0.0,0.6190476190476191,0.7058823529411765,0.3333333333333333,0.2727272727272727,1.0,0.0,0.5555555555555556,0.4545454545454545,0.0,1.0
26370,1983-06-19,1,1,Australia,England,1982-06-19,8,25,1,6,2,2,2,8,0,0,6,15,2,8,0,0,0.16666666666666666,0.4,1.0,1.0,0.6153846153846154,0.8333333333333334,0.5,0.06666666666666668,0.0,0.0,0.3333333333333333,0.5333333333333333,0.0,0.0
26379,1983-06-12,0,0,Australia,England,1982-06-12,8,27,0,5,0,0,2,8,0,0,4,14,2,8,0,0,0.0,0.35714285714285715,0.0,0.0,0.6666666666666666,0.8181818181818182,0.5,0.07142857142857142,0.0,0.0,0.5,0.5714285714285714,0.0,0.0
26410,1983-05-28,0,0,Northern Ireland,England,1982-05-28,9,31,5,5,0,0,4,9,0,0,11,15,4,9,0,0,0.4545454545454545,0.3333333333333333,0.0,0.0,0.4736842105263158,0.7948717948717948,0.18181818181818185,0.06666666666666668,0.0,0.0,0.3636363636363637,0.6,0.0,0.0
26484,1983-03-30,0,0,England,Greece,1982-03-30,32,7,4,1,0,0,10,2,0,1,15,8,10,2,1,0,0.26666666666666666,0.125,0.0,0.0,0.8,0.35,0.06666666666666668,0.625,0.0,1.0,0.6666666666666666,0.25,1.0,0.0
26634,1982-09-22,2,2,Denmark,England,1981-09-22,11,20,1,3,0,0,4,9,0,0,8,12,4,9,0,0,0.125,0.25,0.0,0.0,0.5238095238095238,0.8695652173913043,0.375,0.0,0.0,0.0,0.5,0.75,0.0,0.0
26677,1982-07-05,0,0,Spain,England,1981-07-05,19,21,4,2,0,0,6,9,0,0,13,12,6,9,0,0,0.3076923076923077,0.16666666666666666,0.0,0.0,0.6551724137931034,0.8076923076923077,0.2307692307692308,0.08333333333333333,0.0,0.0,0.4615384615384616,0.75,0.0,0.0
26686,1982-06-29,0,0,Germany,England,1981-06-29,40,21,1,1,0,0,10,9,0,0,13,11,10,9,0,0,0.07692307692307693,0.09090909090909093,0.0,0.0,0.7843137254901961,0.8076923076923077,0.15384615384615385,0.09090909090909093,0.0,0.0,0.7692307692307693,0.8181818181818182,0.0,0.0
26742,1982-06-02,1,1,Iceland,England,1981-06-02,8,13,3,0,0,0,2,6,0,0,6,7,2,6,0,0,0.5,0.0,0.0,0.0,0.5714285714285714,0.8125,0.16666666666666666,0.14285714285714285,0.0,0.0,0.3333333333333333,0.8571428571428571,0.0,0.0
27215,1981-05-20,0,0,England,Wales,1980-05-20,16,15,3,0,0,0,5,6,0,0,12,8,5,6,0,0,0.25,0.0,0.0,0.0,0.5925925925925926,0.8333333333333334,0.3333333333333333,0.25,0.0,0.0,0.4166666666666667,0.75,0.0,0.0
27243,1981-04-29,0,0,England,Romania,1980-04-29,20,16,2,1,0,0,6,5,1,0,12,9,6,5,0,1,0.16666666666666666,0.1111111111111111,0.0,0.0,0.5714285714285714,0.6153846153846154,0.3333333333333333,0.3333333333333333,1.0,0.0,0.5,0.5555555555555556,0.0,1.0
27717,1980-06-12,1,1,Belgium,England,1979-06-12,20,24,0,1,0,0,8,8,0,0,9,11,8,8,0,0,0.0,0.09090909090909093,0.0,0.0,0.8,0.6666666666666666,0.1111111111111111,0.18181818181818185,0.0,0.0,0.8888888888888888,0.7272727272727273,0.0,0.0
27750,1980-05-20,1,1,England,Northern Ireland,1979-05-20,25,4,2,2,0,0,8,2,0,1,12,7,8,2,1,0,0.16666666666666666,0.2857142857142857,0.0,0.0,0.6944444444444444,0.26666666666666666,0.16666666666666666,0.42857142857142855,0.0,1.0,0.6666666666666666,0.2857142857142857,1.0,0.0
28133,1979-06-10,0,0,Sweden,England,1978-06-10,11,18,2,2,0,0,2,6,0,0,8,8,2,6,0,0,0.25,0.25,0.0,0.0,0.4583333333333333,0.7826086956521741,0.5,0.0,0.0,0.0,0.25,0.75,0.0,0.0
28153,1979-05-23,0,0,England,Wales,1978-05-23,16,11,1,0,0,0,5,3,0,0,6,4,5,3,0,0,0.16666666666666666,0.0,0.0,0.0,0.7619047619047619,0.8461538461538461,0.0,0.25,0.0,0.0,0.8333333333333334,0.75,0.0,0.0
28325,1978-10-25,1,1,Ireland,England,1977-10-25,7,17,3,1,0,0,1,6,0,0,5,8,1,6,0,0,0.6,0.125,0.0,0.0,0.4666666666666667,0.68,0.2,0.125,0.0,0.0,0.2,0.75,0.0,0.0
28525,1978-04-19,1,1,England,Brazil,1977-04-19,9,18,4,4,1,1,3,5,0,0,10,10,3,5,0,0,0.4,0.4,1.0,1.0,0.5625,0.7826086956521741,0.3,0.1,0.0,0.0,0.3,0.5,0.0,0.0
28743,1977-09-07,0,0,England,Switzerland,1976-09-07,12,4,4,0,0,0,3,1,0,0,11,7,3,1,0,0,0.3636363636363637,0.0,0.0,0.0,0.5217391304347826,0.2352941176470588,0.3636363636363637,0.8571428571428571,0.0,0.0,0.2727272727272727,0.14285714285714285,0.0,0.0
28812,1977-06-15,0,0,Uruguay,England,1976-06-15,16,12,8,3,0,0,4,3,0,0,14,10,4,3,0,0,0.5714285714285714,0.3,0.0,0.0,0.5714285714285714,0.5217391304347826,0.14285714285714285,0.4,0.0,0.0,0.2857142857142857,0.3,0.0,0.0
28821,1977-06-12,1,1,Argentina,England,1976-06-12,16,15,2,2,0,0,5,4,0,0,8,10,5,4,0,0,0.25,0.2,0.0,0.0,0.6956521739130435,0.5769230769230769,0.125,0.4,0.0,0.0,0.625,0.4,0.0,0.0
28826,1977-06-08,0,0,Brazil,England,1976-06-08,14,15,2,1,0,0,5,4,0,0,7,9,5,4,0,0,0.2857142857142857,0.1111111111111111,0.0,0.0,0.875,0.5769230769230769,0.0,0.4444444444444444,0.0,0.0,0.7142857142857143,0.4444444444444444,0.0,0.0
29161,1976-09-08,1,1,England,Ireland,1975-09-08,20,9,1,0,0,0,6,3,0,0,10,3,6,3,0,0,0.1,0.0,0.0,0.0,0.6451612903225806,1.0,0.3,0.0,0.0,0.0,0.6,1.0,0.0,0.0
29445,1975-11-19,1,1,Portugal,England,1974-11-19,6,18,2,3,1,1,2,5,0,0,7,9,2,5,0,0,0.2857142857142857,0.3333333333333333,1.0,1.0,0.4,0.75,0.42857142857142855,0.1111111111111111,0.0,0.0,0.2857142857142857,0.5555555555555556,0.0,0.0
29655,1975-05-21,2,2,England,Wales,1974-05-21,17,15,5,1,0,0,5,4,0,0,10,6,5,4,0,0,0.5,0.16666666666666666,0.0,0.0,0.7727272727272727,0.7142857142857143,0.0,0.16666666666666666,0.0,0.0,0.5,0.6666666666666666,0.0,0.0
29661,1975-05-17,0,0,Northern Ireland,England,1974-05-17,4,17,0,4,0,0,2,5,0,0,4,10,2,5,0,0,0.0,0.4,0.0,0.0,0.5714285714285714,0.7083333333333334,0.5,0.1,0.0,0.0,0.5,0.5,0.0,0.0
29808,1974-11-20,0,0,England,Portugal,1973-11-20,12,0,4,1,1,1,4,0,0,0,9,2,4,0,0,0,0.4444444444444444,0.5,1.0,1.0,0.631578947368421,0.0,0.1111111111111111,0.5,0.0,0.0,0.4444444444444444,0.0,0.0,0.0
29969,1974-06-05,2,2,Yugoslavia,England,1973-06-05,8,17,2,4,0,0,2,5,0,0,6,13,2,5,0,0,0.3333333333333333,0.3076923076923077,0.0,0.0,0.5333333333333333,0.5862068965517241,0.3333333333333333,0.3076923076923077,0.0,0.0,0.3333333333333333,0.38461538461538464,0.0,0.0
29979,1974-05-29,1,1,German DR,England,1973-05-29,27,15,0,3,0,0,12,4,0,0,12,11,12,4,0,0,0.0,0.2727272727272727,0.0,0.0,0.8709677419354839,0.5769230769230769,0.0,0.3636363636363637,0.0,0.0,1.0,0.3636363636363637,0.0,0.0
29984,1974-05-22,2,2,England,Argentina,1973-05-22,14,22,3,2,0,0,4,7,0,0,11,10,4,7,0,0,0.2727272727272727,0.2,0.0,0.0,0.5833333333333334,0.6470588235294118,0.3636363636363637,0.1,0.0,0.0,0.3636363636363637,0.7,0.0,0.0
30028,1974-04-03,0,0,Portugal,England,1973-04-03,4,17,2,2,0,0,0,5,0,0,3,10,0,5,0,0,0.6666666666666666,0.2,0.0,0.0,0.4444444444444444,0.6538461538461539,0.3333333333333333,0.3,0.0,0.0,0.0,0.5,0.0,0.0
30194,1973-10-17,1,1,England,Poland,1972-10-17,23,27,2,2,0,0,7,10,1,0,11,14,7,10,0,1,0.18181818181818185,0.14285714285714285,0.0,0.0,0.7419354838709677,0.7714285714285715,0.18181818181818185,0.14285714285714285,1.0,0.0,0.6363636363636364,0.7142857142857143,0.0,1.0
30373,1973-05-27,1,1,Czech Republic,England,1972-05-27,4,15,3,2,0,0,0,6,0,0,8,8,0,6,0,0,0.375,0.25,0.0,0.0,0.2222222222222222,0.8333333333333334,0.625,0.0,0.0,0.0,0.0,0.75,0.0,0.0
30526,1973-01-24,1,1,England,Wales,1972-01-24,7,0,2,1,0,0,3,0,0,2,7,4,3,0,2,0,0.2857142857142857,0.25,0.0,0.0,0.5833333333333334,0.0,0.2857142857142857,0.75,0.0,1.0,0.42857142857142855,0.0,1.0,0.0
30632,1972-10-11,1,1,England,Yugoslavia,1971-10-11,11,24,2,5,0,0,4,5,0,0,8,13,4,5,0,0,0.25,0.38461538461538464,0.0,0.0,0.6111111111111112,0.5853658536585366,0.25,0.2307692307692308,0.0,0.0,0.5,0.38461538461538464,0.0,0.0
30830,1972-05-13,0,0,Germany,England,1971-05-13,25,11,1,2,0,0,7,4,0,1,9,7,7,4,1,0,0.1111111111111111,0.2857142857142857,0.0,0.0,0.8333333333333334,0.6111111111111112,0.1111111111111111,0.14285714285714285,0.0,1.0,0.7777777777777778,0.5714285714285714,1.0,0.0
31013,1971-11-10,1,1,England,Switzerland,1970-11-10,19,17,1,0,0,0,7,5,0,1,8,8,7,5,1,0,0.125,0.0,0.0,0.0,0.8260869565217391,0.6538461538461539,0.0,0.375,0.0,1.0,0.875,0.625,1.0,0.0
31225,1971-05-19,0,0,England,Wales,1970-05-19,23,1,0,2,0,0,9,0,0,0,11,3,9,0,0,0,0.0,0.6666666666666666,0.0,0.0,0.8214285714285714,0.25,0.18181818181818185,0.3333333333333333,0.0,0.0,0.8181818181818182,0.0,0.0,0.0
31549,1970-04-25,0,0,Scotland,England,1969-04-25,19,25,3,3,0,0,3,9,1,0,9,13,3,9,0,1,0.3333333333333333,0.2307692307692308,0.0,0.0,0.5757575757575758,0.7352941176470589,0.3333333333333333,0.07692307692307693,1.0,0.0,0.3333333333333333,0.6923076923076923,0.0,1.0
31555,1970-04-18,1,1,Wales,England,1969-04-18,6,21,1,2,0,0,0,8,1,0,5,11,0,8,0,1,0.2,0.18181818181818185,0.0,0.0,0.3,0.75,0.8,0.09090909090909093,1.0,0.0,0.0,0.7272727272727273,0.0,1.0
31620,1970-01-14,0,0,England,Netherlands,1969-01-14,24,9,2,1,0,0,8,3,0,1,11,6,8,3,1,0,0.18181818181818185,0.16666666666666666,0.0,0.0,0.7741935483870968,0.6923076923076923,0.09090909090909093,0.3333333333333333,0.0,1.0,0.7272727272727273,0.5,1.0,0.0
31853,1969-06-01,0,0,Mexico,England,1968-06-01,29,18,5,3,0,0,9,5,0,0,23,10,9,5,0,0,0.21739130434782608,0.3,0.0,0.0,0.5370370370370371,0.72,0.39130434782608703,0.2,0.0,0.0,0.39130434782608703,0.5,0.0,0.0
31949,1969-01-15,1,1,England,Romania,1968-01-15,10,3,3,3,1,1,4,1,0,0,9,5,4,1,0,0,0.3333333333333333,0.6,1.0,1.0,0.625,0.42857142857142855,0.2222222222222222,0.2,0.0,0.0,0.4444444444444444,0.2,0.0,0.0
31978,1968-12-11,1,1,England,Bulgaria,1967-12-11,9,7,2,1,0,0,4,3,0,0,8,5,4,3,0,0,0.25,0.2,0.0,0.0,0.6428571428571429,0.6363636363636364,0.25,0.2,0.0,0.0,0.5,0.6,0.0,0.0
32033,1968-11-06,0,0,Romania,England,1967-11-06,3,13,3,2,0,0,1,5,0,0,5,9,1,5,0,0,0.6,0.2222222222222222,0.0,0.0,0.375,0.65,0.2,0.2222222222222222,0.0,0.0,0.2,0.5555555555555556,0.0,0.0
32238,1968-02-24,1,1,Scotland,England,1967-02-24,8,12,0,1,0,0,3,4,0,1,5,6,3,4,1,0,0.0,0.16666666666666666,0.0,0.0,0.5,0.7058823529411765,0.4,0.16666666666666666,0.0,1.0,0.6,0.6666666666666666,1.0,0.0
32275,1967-12-06,2,2,England,Russia,1966-12-06,10,29,0,1,0,0,4,9,0,0,5,13,4,9,0,0,0.0,0.07692307692307693,0.0,0.0,0.7692307692307693,0.6590909090909091,0.2,0.2307692307692308,0.0,0.0,0.8,0.6923076923076923,0.0,0.0
32660,1966-11-02,0,0,England,Czech Republic,1965-11-02,37,7,2,1,0,0,15,1,0,0,17,5,15,1,0,0,0.1176470588235294,0.2,0.0,0.0,0.8043478260869565,0.4666666666666667,0.0,0.6,0.0,0.0,0.8823529411764706,0.2,0.0,0.0
32762,1966-07-11,0,0,England,Uruguay,1965-07-11,26,9,2,2,0,0,9,2,0,0,12,8,9,2,0,0,0.16666666666666666,0.25,0.0,0.0,0.7428571428571429,0.375,0.08333333333333333,0.5,0.0,0.0,0.75,0.25,0.0,0.0
32905,1966-01-05,1,1,England,Poland,1965-01-05,13,12,3,4,0,0,5,2,0,0,9,8,5,2,0,0,0.3333333333333333,0.5,0.0,0.0,0.6190476190476191,0.5217391304347826,0.1111111111111111,0.25,0.0,0.0,0.5555555555555556,0.25,0.0,0.0
32984,1965-10-02,0,0,Wales,England,1964-10-02,15,16,0,4,0,0,3,5,1,0,8,9,3,5,0,1,0.0,0.4444444444444444,0.0,0.0,0.5172413793103449,0.5925925925925926,0.625,0.0,1.0,0.0,0.375,0.5555555555555556,0.0,1.0
33122,1965-05-09,1,1,Yugoslavia,England,1964-05-09,12,31,1,4,0,0,3,6,0,0,8,12,3,6,0,0,0.125,0.3333333333333333,0.0,0.0,0.48,0.6078431372549019,0.5,0.16666666666666666,0.0,0.0,0.375,0.5,0.0,0.0
33155,1965-04-10,2,2,England,Scotland,1964-04-10,30,11,3,1,0,0,6,3,1,0,12,5,6,3,0,1,0.25,0.2,0.0,0.0,0.6,0.5789473684210527,0.25,0.2,1.0,0.0,0.5,0.6,0.0,1.0
33228,1964-12-09,1,1,Netherlands,England,1963-12-09,5,29,2,2,0,0,2,6,0,0,6,11,2,6,0,0,0.3333333333333333,0.18181818181818185,0.0,0.0,0.625,0.6041666666666666,0.3333333333333333,0.2727272727272727,0.0,0.0,0.3333333333333333,0.5454545454545454,0.0,0.0
33263,1964-10-21,2,2,England,Belgium,1963-10-21,33,6,1,1,0,0,6,3,0,0,10,6,6,3,0,0,0.1,0.16666666666666666,0.0,0.0,0.6346153846153846,0.5,0.3,0.3333333333333333,0.0,0.0,0.6,0.5,0.0,0.0
33340,1964-06-04,1,1,England,Portugal,1963-06-04,40,8,0,0,0,0,7,2,0,1,9,4,7,2,1,0,0.0,0.0,0.0,0.0,0.7272727272727273,0.4705882352941176,0.2222222222222222,0.5,0.0,1.0,0.7777777777777778,0.5,1.0,0.0
33563,1963-05-08,1,1,England,Brazil,1962-05-08,23,48,2,3,0,0,5,13,1,0,11,23,5,13,0,1,0.18181818181818185,0.13043478260869565,0.0,0.0,0.5897435897435898,0.5647058823529412,0.3636363636363637,0.3043478260869565,1.0,0.0,0.4545454545454545,0.5652173913043478,0.0,1.0
33745,1962-10-03,1,1,England,France,1961-10-03,19,3,3,1,0,0,5,0,0,0,11,6,5,0,0,0,0.2727272727272727,0.16666666666666666,0.0,0.0,0.6129032258064516,0.21428571428571427,0.2727272727272727,0.8333333333333334,0.0,0.0,0.4545454545454545,0.0,0.0,0.0
33813,1962-06-07,0,0,Bulgaria,England,1961-06-07,8,22,0,2,0,0,4,6,0,0,8,10,4,6,0,0,0.0,0.2,0.0,0.0,0.3636363636363637,0.6875,0.5,0.2,0.0,0.0,0.5,0.6,0.0,0.0
33924,1961-11-22,1,1,England,Northern Ireland,1960-11-22,34,8,2,0,0,0,6,1,0,0,9,6,6,1,0,0,0.2222222222222222,0.0,0.0,0.0,0.7391304347826086,0.3076923076923077,0.1111111111111111,0.8333333333333334,0.0,0.0,0.6666666666666666,0.16666666666666666,0.0,0.0
33959,1961-10-14,1,1,Wales,England,1960-10-14,12,44,1,1,0,0,2,7,1,0,6,9,2,7,0,1,0.16666666666666666,0.1111111111111111,0.0,0.0,0.5,0.7719298245614035,0.5,0.1111111111111111,1.0,0.0,0.3333333333333333,0.7777777777777778,0.0,1.0
34035,1961-05-21,1,1,Portugal,England,1960-05-21,7,40,0,0,0,0,1,6,0,0,2,7,1,6,0,0,0.0,0.0,0.0,0.0,0.5833333333333334,0.8,0.5,0.14285714285714285,0.0,0.0,0.5,0.8571428571428571,0.0,0.0
34260,1960-05-11,3,3,England,Yugoslavia,1959-05-11,16,18,2,2,0,0,2,4,0,0,8,8,2,4,0,0,0.25,0.25,0.0,0.0,0.5161290322580645,0.6666666666666666,0.5,0.25,0.0,0.0,0.25,0.5,0.0,0.0
34285,1960-04-09,1,1,Scotland,England,1959-04-09,9,18,0,2,0,0,3,3,1,0,5,9,3,3,0,1,0.0,0.2222222222222222,0.0,0.0,0.6428571428571429,0.5294117647058824,0.4,0.4444444444444444,1.0,0.0,0.6,0.3333333333333333,0.0,1.0
34366,1959-10-17,1,1,Wales,England,1958-10-17,3,20,1,2,1,1,0,3,0,0,3,8,0,3,0,0,0.3333333333333333,0.25,1.0,1.0,0.25,0.6060606060606061,0.6666666666666666,0.375,0.0,0.0,0.0,0.375,0.0,0.0
34450,1959-05-06,2,2,England,Italy,1958-05-06,18,4,6,3,0,0,3,0,0,0,11,3,3,0,0,0,0.5454545454545454,1.0,0.0,0.0,0.5142857142857142,0.5,0.18181818181818185,0.0,0.0,0.0,0.2727272727272727,0.0,0.0,0.0
34508,1958-11-26,2,2,England,Wales,1957-11-26,23,9,5,4,0,0,4,3,0,0,11,9,4,3,0,0,0.4545454545454545,0.4444444444444444,0.0,0.0,0.6052631578947368,0.5294117647058824,0.18181818181818185,0.2222222222222222,0.0,0.0,0.3636363636363637,0.3333333333333333,0.0,0.0
34540,1958-10-04,3,3,Northern Ireland,England,1957-10-04,15,21,4,4,0,0,4,4,0,1,10,11,4,4,1,0,0.4,0.3636363636363637,0.0,0.0,0.46875,0.5833333333333334,0.2,0.2727272727272727,0.0,1.0,0.4,0.3636363636363637,1.0,0.0
34583,1958-06-15,2,2,Austria,England,1957-06-15,15,19,3,3,0,0,3,4,0,0,8,9,3,4,0,0,0.375,0.3333333333333333,0.0,0.0,0.5172413793103449,0.6129032258064516,0.25,0.2222222222222222,0.0,0.0,0.375,0.4444444444444444,0.0,0.0
34594,1958-06-11,0,0,Brazil,England,1957-06-11,24,19,2,2,0,0,7,4,0,0,11,8,7,4,0,0,0.18181818181818185,0.25,0.0,0.0,0.7741935483870968,0.6129032258064516,0.18181818181818185,0.25,0.0,0.0,0.6363636363636364,0.5,0.0,0.0
34601,1958-06-08,2,2,England,Russia,1957-06-08,17,25,1,1,1,1,4,6,0,0,7,8,4,6,0,0,0.14285714285714285,0.125,1.0,1.0,0.6296296296296297,0.8333333333333334,0.2857142857142857,0.125,0.0,0.0,0.5714285714285714,0.75,0.0,0.0
34612,1958-05-18,1,1,Russia,England,1957-05-18,25,17,1,1,0,0,6,4,0,0,8,7,6,4,0,0,0.125,0.14285714285714285,0.0,0.0,0.8333333333333334,0.6296296296296297,0.125,0.2857142857142857,0.0,0.0,0.75,0.5714285714285714,0.0,0.0
34818,1957-05-19,1,1,Ireland,England,1956-05-19,6,28,0,1,0,0,2,7,1,0,3,8,2,7,0,1,0.0,0.125,0.0,0.0,0.5,0.7777777777777778,0.3333333333333333,0.0,1.0,0.0,0.6666666666666666,0.875,0.0,1.0
34931,1956-10-06,1,1,Northern Ireland,England,1955-10-06,3,18,1,2,0,0,1,4,1,0,3,7,1,4,0,1,0.3333333333333333,0.2857142857142857,0.0,0.0,0.375,0.72,0.3333333333333333,0.14285714285714285,1.0,0.0,0.3333333333333333,0.5714285714285714,0.0,1.0
35009,1956-05-16,0,0,Sweden,England,1955-05-16,19,20,2,2,0,0,3,4,0,0,7,8,3,4,0,0,0.2857142857142857,0.25,0.0,0.0,0.5277777777777778,0.6451612903225806,0.2857142857142857,0.25,0.0,0.0,0.42857142857142855,0.5,0.0,0.0
35025,1956-04-14,1,1,Scotland,England,1955-04-14,13,15,1,1,0,0,3,3,0,0,6,7,3,3,0,0,0.16666666666666666,0.14285714285714285,0.0,0.0,0.6190476190476191,0.625,0.3333333333333333,0.42857142857142855,0.0,0.0,0.5,0.42857142857142855,0.0,0.0
35189,1955-05-18,1,1,Spain,England,1954-05-18,1,24,0,1,0,0,0,5,0,0,1,9,0,5,0,0,0.0,0.1111111111111111,0.0,0.0,0.3333333333333333,0.5333333333333333,1.0,0.3333333333333333,0.0,0.0,0.0,0.5555555555555556,0.0,0.0
35311,1954-06-17,4,4,Belgium,England,1953-06-17,15,15,4,0,0,0,3,3,0,0,8,6,3,3,0,0,0.5,0.0,0.0,0.0,0.6521739130434783,0.4545454545454545,0.125,0.5,0.0,0.0,0.375,0.5,0.0,0.0
35474,1953-05-17,0,0,Argentina,England,1952-05-17,7,22,0,3,0,0,3,4,0,1,3,8,3,4,1,0,0.0,0.375,0.0,0.0,0.7777777777777778,0.6470588235294118,0.0,0.125,0.0,1.0,1.0,0.5,1.0,0.0
35489,1953-04-18,2,2,England,Scotland,1952-04-18,19,12,2,1,0,0,4,3,0,0,6,5,4,3,0,0,0.3333333333333333,0.2,0.0,0.0,0.7307692307692307,0.6666666666666666,0.0,0.2,0.0,0.0,0.6666666666666666,0.6,0.0,0.0
35571,1952-10-04,2,2,Northern Ireland,England,1951-10-04,0,14,0,3,0,0,0,4,1,0,3,7,0,4,0,1,0.0,0.42857142857142855,0.0,0.0,0.0,0.6666666666666666,1.0,0.0,1.0,0.0,0.0,0.5714285714285714,0.0,1.0
35620,1952-05-18,1,1,Italy,England,1951-05-18,6,14,2,3,0,0,1,3,0,0,4,6,1,3,0,0,0.5,0.5,0.0,0.0,0.5454545454545454,0.6363636363636364,0.25,0.0,0.0,0.0,0.25,0.5,0.0,0.0
35667,1951-11-28,2,2,England,Austria,1950-11-28,14,18,2,2,0,0,3,3,0,0,6,6,3,3,0,0,0.3333333333333333,0.3333333333333333,0.0,0.0,0.6086956521739131,0.6923076923076923,0.16666666666666666,0.16666666666666666,0.0,0.0,0.5,0.5,0.0,0.0
35682,1951-10-20,1,1,Wales,England,1950-10-20,10,17,0,2,0,0,3,3,1,0,5,6,3,3,0,1,0.0,0.3333333333333333,0.0,0.0,0.4761904761904762,0.5862068965517241,0.4,0.16666666666666666,1.0,0.0,0.6,0.5,0.0,1.0
35690,1951-10-03,2,2,England,France,1950-10-03,19,13,1,2,0,0,4,2,0,0,6,6,4,2,0,0,0.16666666666666666,0.3333333333333333,0.0,0.0,0.6333333333333333,0.5,0.16666666666666666,0.3333333333333333,0.0,0.0,0.6666666666666666,0.3333333333333333,0.0,0.0
35769,1950-11-22,2,2,England,Yugoslavia,1949-11-22,22,33,0,0,0,0,7,8,0,0,9,11,7,8,0,0,0.0,0.0,0.0,0.0,0.7096774193548387,0.6470588235294118,0.2222222222222222,0.2727272727272727,0.0,0.0,0.7777777777777778,0.7272727272727273,0.0,0.0
36075,1948-09-26,0,0,Denmark,England,1947-09-26,16,15,0,1,0,0,3,4,0,0,4,5,3,4,0,0,0.0,0.2,0.0,0.0,0.8421052631578947,0.7894736842105263,0.25,0.0,0.0,0.0,0.75,0.8,0.0,0.0
36206,1947-11-05,2,2,England,Northern Ireland,1946-11-05,33,4,1,1,0,0,6,2,0,0,8,3,6,2,0,0,0.125,0.3333333333333333,0.0,0.0,0.8461538461538461,0.8,0.125,0.0,0.0,0.0,0.75,0.6666666666666666,0.0,0.0
36284,1947-04-12,1,1,England,Scotland,1946-04-12,24,4,0,1,0,0,5,1,0,0,6,3,5,1,0,0,0.0,0.3333333333333333,0.0,0.0,0.7741935483870968,0.5,0.16666666666666666,0.3333333333333333,0.0,0.0,0.8333333333333334,0.3333333333333333,0.0,0.0
36424,1945-05-26,2,2,England,France,1944-05-26,0,3,0,0,0,0,0,1,0,0,0,2,0,1,0,0,0.0,0.0,0.0,0.0,0.0,0.6,0.0,0.5,0.0,0.0,0.0,0.5,0.0,0.0
36734,1939-05-13,2,2,Italy,England,1938-05-13,27,26,0,0,0,0,9,5,0,0,9,7,9,5,0,0,0.0,0.0,0.0,0.0,0.7714285714285715,0.6842105263157895,0.0,0.2857142857142857,0.0,0.0,1.0,0.7142857142857143,0.0,0.0
37071,1936-04-04,1,1,England,Scotland,1935-04-04,8,14,0,1,0,0,3,4,1,0,5,5,3,4,0,1,0.0,0.2,0.0,0.0,0.6153846153846154,0.7777777777777778,0.4,0.0,1.0,0.0,0.6,0.8,0.0,1.0
37364,1933-05-13,1,1,Italy,England,1932-05-13,16,6,0,1,0,0,5,2,0,0,6,4,5,2,0,0,0.0,0.25,0.0,0.0,0.6956521739130435,0.5454545454545454,0.16666666666666666,0.25,0.0,0.0,0.8333333333333334,0.5,0.0,0.0
37394,1932-11-16,0,0,Wales,England,1931-11-16,6,14,0,0,0,0,1,4,1,0,3,4,1,4,0,1,0.0,0.0,0.0,0.0,0.4,0.875,0.6666666666666666,0.0,1.0,0.0,0.3333333333333333,1.0,0.0,1.0
37645,1930-05-14,0,0,Austria,England,1929-05-14,8,20,1,1,0,0,2,3,0,0,4,5,2,3,0,0,0.25,0.2,0.0,0.0,0.5714285714285714,0.6896551724137931,0.25,0.2,0.0,0.0,0.5,0.6,0.0,0.0
37649,1930-05-10,3,3,Germany,England,1929-05-10,13,22,1,0,0,0,3,4,0,0,5,5,3,4,0,0,0.2,0.0,0.0,0.0,0.8125,0.7586206896551724,0.2,0.2,0.0,0.0,0.6,0.8,0.0,0.0
37903,1927-02-12,3,3,Wales,England,1926-02-12,3,9,0,1,0,0,1,1,0,1,3,4,1,1,1,0,0.0,0.25,0.0,0.0,0.3,0.4736842105263158,0.6666666666666666,0.5,0.0,1.0,0.3333333333333333,0.25,1.0,0.0
37923,1926-10-20,3,3,England,Northern Ireland,1925-10-20,6,3,1,1,1,1,1,1,0,0,4,3,1,1,0,0,0.25,0.3333333333333333,1.0,1.0,0.4615384615384616,0.42857142857142855,0.5,0.3333333333333333,0.0,0.0,0.25,0.3333333333333333,0.0,0.0
38006,1925-10-24,0,0,Northern Ireland,England,1924-10-24,0,9,1,0,0,0,0,3,0,0,2,4,0,3,0,0,0.5,0.0,0.0,0.0,0.0,0.6428571428571429,0.5,0.25,0.0,0.0,0.0,0.75,0.0,0.0
38134,1924-04-12,1,1,England,Scotland,1923-04-12,17,4,2,1,1,1,3,1,0,0,7,3,3,1,0,0,0.2857142857142857,0.3333333333333333,1.0,1.0,0.5862068965517241,0.5,0.2857142857142857,0.3333333333333333,0.0,0.0,0.42857142857142855,0.3333333333333333,0.0,0.0
38165,1923-11-01,2,2,Belgium,England,1922-11-01,7,22,1,2,0,0,2,4,1,0,4,7,2,4,0,1,0.25,0.2857142857142857,0.0,0.0,0.4666666666666667,0.6666666666666666,0.25,0.14285714285714285,1.0,0.0,0.5,0.5714285714285714,0.0,1.0
38218,1923-04-14,2,2,Scotland,England,1922-04-14,3,10,0,1,0,0,2,2,0,0,2,3,2,2,0,0,0.0,0.3333333333333333,0.0,0.0,1.0,0.7692307692307693,0.0,0.0,0.0,0.0,1.0,0.6666666666666666,0.0,0.0
38223,1923-03-05,2,2,Wales,England,1922-03-05,0,3,0,0,0,0,0,2,1,0,1,3,0,2,0,1,0.0,0.0,0.0,0.0,0.0,0.75,1.0,0.3333333333333333,1.0,0.0,0.0,0.6666666666666666,0.0,1.0
38309,1921-10-22,1,1,Northern Ireland,England,1920-10-22,1,4,0,1,0,0,0,2,1,0,3,4,0,2,0,1,0.0,0.25,0.0,0.0,0.14285714285714285,0.5714285714285714,1.0,0.25,1.0,0.0,0.0,0.5,0.0,1.0
38345,1921-03-14,0,0,Wales,England,1920-03-14,3,8,0,0,0,0,1,2,0,1,2,3,1,2,1,0,0.0,0.0,0.0,0.0,0.5,0.5714285714285714,0.5,0.3333333333333333,0.0,1.0,0.5,0.6666666666666666,1.0,0.0
38388,1919-10-25,1,1,Northern Ireland,England,1918-10-25,0,0,0,0,0,0,0,0,0,0,0,0,0,0,0,0,0.0,0.0,0.0,0.0,0.0,0.0,0.0,0.0,0.0,0.0,0.0,0.0,0.0,0.0
38587,1912-03-23,1,1,Scotland,England,1911-03-23,6,9,1,1,1,1,2,2,0,0,3,3,2,2,0,0,0.3333333333333333,0.3333333333333333,1.0,1.0,0.75,0.8181818181818182,0.0,0.0,0.0,0.0,0.6666666666666666,0.6666666666666666,0.0,0.0
38619,1911-04-01,1,1,England,Scotland,1910-04-01,5,6,0,1,0,0,2,2,1,0,3,3,2,2,0,1,0.0,0.3333333333333333,0.0,0.0,0.625,0.75,0.3333333333333333,0.0,1.0,0.0,0.6666666666666666,0.6666666666666666,0.0,1.0
38655,1910-02-12,1,1,Northern Ireland,England,1909-02-12,2,28,0,0,0,0,0,6,1,0,3,6,0,6,0,1,0.0,0.0,0.0,0.0,0.14285714285714285,0.8484848484848485,1.0,0.0,1.0,0.0,0.0,1.0,0.0,1.0
38694,1908-04-04,1,1,Scotland,England,1907-04-04,8,11,1,1,1,1,2,2,0,0,3,3,2,2,0,0,0.3333333333333333,0.3333333333333333,1.0,1.0,0.8,0.7857142857142857,0.0,0.0,0.0,0.0,0.6666666666666666,0.6666666666666666,0.0,0.0
38708,1907-04-06,1,1,England,Scotland,1906-04-06,3,5,1,0,0,0,1,2,1,0,3,3,1,2,0,1,0.3333333333333333,0.0,0.0,0.0,0.5,0.7142857142857143,0.3333333333333333,0.3333333333333333,1.0,0.0,0.3333333333333333,0.6666666666666666,0.0,1.0
38709,1907-03-18,1,1,England,Wales,1906-03-18,3,8,0,1,0,0,2,2,0,1,3,4,2,2,1,0,0.0,0.25,0.0,0.0,0.6,0.5333333333333333,0.3333333333333333,0.25,0.0,1.0,0.6666666666666666,0.5,1.0,0.0
38738,1905-02-25,1,1,England,Northern Ireland,1904-02-25,6,3,1,1,0,0,2,1,0,1,3,3,2,1,1,0,0.3333333333333333,0.3333333333333333,0.0,0.0,0.6666666666666666,0.42857142857142855,0.0,0.3333333333333333,0.0,1.0,0.6666666666666666,0.3333333333333333,1.0,0.0
38747,1904-02-29,2,2,Wales,England,1903-02-28,1,3,0,0,0,0,0,1,1,0,3,2,0,1,0,1,0.0,0.0,0.0,0.0,0.16666666666666666,0.5,1.0,0.5,1.0,0.0,0.0,0.5,0.0,1.0
38758,1902-05-03,2,2,England,Scotland,1901-05-03,1,10,1,0,0,0,1,2,0,0,2,2,1,2,0,0,0.5,0.0,0.0,0.0,1.0,0.8333333333333334,0.0,0.0,0.0,0.0,0.5,1.0,0.0,0.0
38761,1902-03-03,0,0,Wales,England,1901-03-03,1,11,0,1,0,0,1,2,1,0,3,3,1,2,0,1,0.0,0.3333333333333333,0.0,0.0,0.1,0.8461538461538461,0.6666666666666666,0.0,1.0,0.0,0.3333333333333333,0.6666666666666666,0.0,1.0
38764,1901-03-30,2,2,England,Scotland,1900-03-30,10,16,0,1,0,0,2,2,1,0,3,3,2,2,0,1,0.0,0.3333333333333333,0.0,0.0,0.7142857142857143,0.8888888888888888,0.3333333333333333,0.0,1.0,0.0,0.6666666666666666,0.6666666666666666,0.0,1.0
38780,2018-03-27,1,1,Italy,England,,21,13,2,3,0,0,6,5,0,0,11,9,6,5,0,0,0.18181818181818185,0.3333333333333333,0.0,0.0,0.7241379310344828,0.6842105263157895,0.2727272727272727,0.1111111111111111,0.0,0.0,0.5454545454545454,0.5555555555555556,0.0,0.0
39014,2017-11-14,0,0,Brazil,England,,19,16,2,3,0,0,7,5,0,0,10,10,7,5,0,0,0.2,0.3,0.0,0.0,0.8636363636363636,0.64,0.1,0.2,0.0,0.0,0.7,0.5,0.0,0.0
39070,2017-11-10,0,0,Germany,England,,49,19,3,2,0,0,12,6,0,1,15,10,12,6,1,0,0.2,0.2,0.0,0.0,0.8305084745762712,0.6785714285714286,0.0,0.2,0.0,1.0,0.8,0.6,1.0,0.0
39501,2017-06-10,2,2,England,Scotland,,14,8,4,2,0,0,5,2,0,1,11,6,5,2,1,0,0.3636363636363637,0.3333333333333333,0.0,0.0,0.6666666666666666,0.4705882352941176,0.18181818181818185,0.3333333333333333,0.0,1.0,0.4545454545454545,0.3333333333333333,1.0,0.0
39812,2016-11-15,2,2,Spain,England,,32,21,3,3,0,0,8,9,0,0,14,14,8,9,0,0,0.21428571428571427,0.21428571428571427,0.0,0.0,0.7804878048780488,0.6774193548387096,0.21428571428571427,0.14285714285714285,0.0,0.0,0.5714285714285714,0.6428571428571429,0.0,0.0
39954,2016-10-11,0,0,England,Slovenia,,21,7,2,3,0,0,9,3,0,0,14,9,9,3,0,0,0.14285714285714285,0.3333333333333333,0.0,0.0,0.6363636363636364,0.5,0.21428571428571427,0.3333333333333333,0.0,0.0,0.6428571428571429,0.3333333333333333,0.0,0.0
40214,2016-06-20,0,0,England,Slovakia,,27,21,1,4,0,0,10,6,0,0,13,13,10,6,0,0,0.07692307692307693,0.3076923076923077,0.0,0.0,0.7297297297297297,0.5833333333333334,0.15384615384615385,0.2307692307692308,0.0,0.0,0.7692307692307693,0.4615384615384616,0.0,0.0
40267,2016-06-11,1,1,Russia,England,,21,27,1,0,0,0,6,10,0,0,11,12,6,10,0,0,0.09090909090909093,0.0,0.0,0.0,0.6363636363636364,0.7297297297297297,0.3636363636363637,0.16666666666666666,0.0,0.0,0.5454545454545454,0.8333333333333334,0.0,0.0
41311,2015-06-07,0,0,England,Ireland,,22,18,3,2,0,0,7,4,0,0,12,8,7,4,0,0,0.25,0.25,0.0,0.0,0.7586206896551724,0.6428571428571429,0.16666666666666666,0.25,0.0,0.0,0.5833333333333334,0.5,0.0,0.0
41391,2015-03-31,1,1,England,Italy,,26,14,3,4,0,0,8,6,1,0,13,12,8,6,0,1,0.2307692307692308,0.3333333333333333,0.0,0.0,0.7647058823529411,0.6363636363636364,0.15384615384615385,0.16666666666666666,1.0,0.0,0.6153846153846154,0.5,0.0,1.0
42106,2014-06-24,0,0,England,Costa Rica,,21,20,3,2,0,0,6,7,0,0,13,16,6,7,0,0,0.2307692307692308,0.125,0.0,0.0,0.6363636363636364,0.5405405405405406,0.3076923076923077,0.4375,0.0,0.0,0.4615384615384616,0.4375,0.0,0.0
42153,2014-06-07,0,0,England,Honduras,,19,18,2,3,0,0,6,6,0,0,10,15,6,6,0,0,0.2,0.2,0.0,0.0,0.7037037037037037,0.4390243902439024,0.2,0.4,0.0,0.0,0.6,0.4,0.0,0.0
42169,2014-06-04,2,2,England,Ecuador,,17,12,1,5,0,0,6,2,0,0,9,12,6,2,0,0,0.1111111111111111,0.4166666666666667,0.0,0.0,0.7391304347826086,0.4137931034482759,0.2222222222222222,0.4166666666666667,0.0,0.0,0.6666666666666666,0.16666666666666666,0.0,0.0
42697,2013-09-10,0,0,England,Ukraine,,30,24,5,3,1,1,5,7,0,0,11,11,5,7,0,0,0.4545454545454545,0.2727272727272727,1.0,1.0,0.6976744186046512,0.8571428571428571,0.09090909090909093,0.09090909090909093,0.0,0.0,0.4545454545454545,0.6363636363636364,0.0,0.0
43066,2013-06-02,2,2,England,Brazil,,34,39,6,4,0,0,8,7,0,1,15,15,8,7,1,0,0.4,0.26666666666666666,0.0,0.0,0.7234042553191491,0.6964285714285714,0.06666666666666668,0.26666666666666666,0.0,1.0,0.5333333333333333,0.4666666666666667,1.0,0.0
43074,2013-05-29,1,1,Ireland,England,,16,33,4,5,0,0,4,8,0,0,13,14,4,8,0,0,0.3076923076923077,0.35714285714285715,0.0,0.0,0.4324324324324325,0.7333333333333333,0.38461538461538464,0.07142857142857142,0.0,0.0,0.3076923076923077,0.5714285714285714,0.0,0.0
43134,2013-03-26,1,1,England,Montenegro,,33,17,4,2,0,0,9,5,0,0,14,7,9,5,0,0,0.2857142857142857,0.2857142857142857,0.0,0.0,0.75,0.8095238095238095,0.07142857142857142,0.0,0.0,0.0,0.6428571428571429,0.7142857142857143,0.0,0.0
43584,2012-10-17,1,1,England,Poland,,24,15,3,4,0,0,9,6,0,0,13,13,9,6,0,0,0.2307692307692308,0.3076923076923077,0.0,0.0,0.75,0.625,0.07692307692307693,0.2307692307692308,0.0,0.0,0.6923076923076923,0.4615384615384616,0.0,0.0
43744,2012-09-11,1,1,Ukraine,England,,21,20,2,3,0,0,6,8,1,0,12,12,6,8,0,1,0.16666666666666666,0.25,0.0,0.0,0.5833333333333334,0.6896551724137931,0.3333333333333333,0.08333333333333333,1.0,0.0,0.5,0.6666666666666666,0.0,1.0
43952,2012-06-24,0,0,Italy,England,,14,17,3,2,0,0,6,8,0,0,12,11,6,8,0,0,0.25,0.18181818181818185,0.0,0.0,0.6086956521739131,0.68,0.25,0.09090909090909093,0.0,0.0,0.5,0.7272727272727273,0.0,0.0
44004,2012-06-11,1,1,England,France,,12,19,1,4,0,0,6,7,0,0,8,11,6,7,0,0,0.125,0.3636363636363637,0.0,0.0,0.7058823529411765,0.76,0.125,0.0,0.0,0.0,0.75,0.6363636363636364,0.0,0.0
44682,2011-10-07,2,2,England,Montenegro,,12,8,3,2,1,1,4,3,0,0,8,7,4,3,0,0,0.375,0.2857142857142857,1.0,1.0,0.6666666666666666,0.5714285714285714,0.125,0.2857142857142857,0.0,0.0,0.5,0.42857142857142855,0.0,0.0
45112,2011-06-04,2,2,Switzerland,England,,10,18,6,4,0,0,3,6,1,0,12,12,3,6,0,1,0.5,0.3333333333333333,0.0,0.0,0.5263157894736842,0.6206896551724138,0.25,0.16666666666666666,1.0,0.0,0.25,0.5,0.0,1.0
45190,2011-03-29,1,1,Ghana,England,,17,22,4,3,0,0,6,8,0,0,13,13,6,8,0,0,0.3076923076923077,0.2307692307692308,0.0,0.0,0.6296296296296297,0.6470588235294118,0.2307692307692308,0.15384615384615385,0.0,0.0,0.4615384615384616,0.6153846153846154,0.0,0.0
45618,2010-10-12,0,0,Montenegro,England,,8,23,1,2,0,0,5,8,0,0,9,12,5,8,0,0,0.1111111111111111,0.16666666666666666,0.0,0.0,0.6153846153846154,0.6764705882352942,0.3333333333333333,0.16666666666666666,0.0,0.0,0.5555555555555556,0.6666666666666666,0.0,0.0
45983,2010-06-18,0,0,Algeria,England,,13,21,1,2,0,0,8,6,0,0,16,10,8,6,0,0,0.0625,0.2,0.0,0.0,0.3939393939393939,0.6774193548387096,0.4375,0.2,0.0,0.0,0.5,0.6,0.0,0.0
46002,2010-06-12,1,1,USA,England,,41,20,2,1,0,0,12,6,0,0,24,9,12,6,0,0,0.08333333333333333,0.1111111111111111,0.0,0.0,0.5061728395061729,0.6896551724137931,0.4166666666666667,0.2222222222222222,0.0,0.0,0.5,0.6666666666666666,0.0,0.0
46664,2009-08-12,2,2,England,Netherlands,,34,22,1,2,0,0,9,8,0,0,11,11,9,8,0,0,0.09090909090909093,0.18181818181818185,0.0,0.0,0.7906976744186046,0.7586206896551724,0.09090909090909093,0.09090909090909093,0.0,0.0,0.8181818181818182,0.7272727272727273,0.0,0.0
47522,2008-08-20,2,2,Czech Republic,England,,23,21,2,0,0,0,8,7,0,0,13,11,8,7,0,0,0.15384615384615385,0.0,0.0,0.0,0.6571428571428571,0.7,0.2307692307692308,0.3636363636363637,0.0,0.0,0.6153846153846154,0.6363636363636364,0.0,0.0
48872,2007-06-01,1,1,Brazil,England,,29,26,1,5,0,0,11,8,0,0,14,15,11,8,0,0,0.07142857142857142,0.3333333333333333,0.0,0.0,0.8055555555555556,0.8125,0.14285714285714285,0.13333333333333333,0.0,0.0,0.7857142857142857,0.5333333333333333,0.0,0.0
48977,2007-03-24,0,0,England,Israel,,26,11,4,3,0,0,8,2,0,0,14,6,8,2,0,0,0.2857142857142857,0.5,0.0,0.0,0.7878787878787878,0.5789473684210527,0.14285714285714285,0.16666666666666666,0.0,0.0,0.5714285714285714,0.3333333333333333,0.0,0.0
49228,2006-11-15,1,1,England,Netherlands,,27,19,3,3,0,0,9,9,0,0,13,13,9,9,0,0,0.2307692307692308,0.2307692307692308,0.0,0.0,0.8181818181818182,0.76,0.07692307692307693,0.07692307692307693,0.0,0.0,0.6923076923076923,0.6923076923076923,0.0,0.0
49327,2006-10-07,0,0,Macedonia,England,,6,33,1,2,0,0,4,12,1,0,7,14,4,12,0,1,0.14285714285714285,0.14285714285714285,0.0,0.0,0.6,0.825,0.2857142857142857,0.0,1.0,0.0,0.5714285714285714,0.8571428571428571,0.0,1.0
49584,2006-07-01,0,0,Portugal,England,,32,25,2,1,0,0,12,10,0,0,14,13,12,10,0,0,0.14285714285714285,0.07692307692307693,0.0,0.0,0.8888888888888888,0.6756756756756757,0.0,0.15384615384615385,0.0,0.0,0.8571428571428571,0.7692307692307693,0.0,0.0
49615,2006-06-20,2,2,England,Sweden,,22,14,0,6,0,0,9,5,0,0,11,13,9,5,0,0,0.0,0.4615384615384616,0.0,0.0,0.6875,0.5833333333333334,0.18181818181818185,0.15384615384615385,0.0,0.0,0.8181818181818182,0.38461538461538464,0.0,0.0
50650,2005-02-09,0,0,Netherlands,England,,30,28,5,4,0,0,8,7,0,0,17,14,8,7,0,0,0.29411764705882354,0.2857142857142857,0.0,0.0,0.6976744186046512,0.6666666666666666,0.2352941176470588,0.21428571428571427,0.0,0.0,0.4705882352941176,0.5,0.0,0.0
51096,2004-09-04,2,2,England,Austria,,27,9,4,2,0,0,6,1,0,0,13,6,6,1,0,0,0.3076923076923077,0.3333333333333333,0.0,0.0,0.6585365853658537,0.45,0.2307692307692308,0.5,0.0,0.0,0.4615384615384616,0.16666666666666666,0.0,0.0
51274,2004-06-24,2,2,England,Portugal,,25,31,3,3,1,1,6,8,0,0,12,14,6,8,0,0,0.25,0.21428571428571427,1.0,1.0,0.6578947368421053,0.6739130434782609,0.25,0.21428571428571427,0.0,0.0,0.5,0.5714285714285714,0.0,0.0
51421,2004-06-01,1,1,Japan,England,,27,14,4,2,0,0,10,5,0,0,19,9,10,5,0,0,0.21052631578947367,0.2222222222222222,0.0,0.0,0.6428571428571429,0.6086956521739131,0.2631578947368421,0.2222222222222222,0.0,0.0,0.5263157894736842,0.5555555555555556,0.0,0.0
51689,2004-02-18,1,1,England,Portugal,,19,24,1,3,0,0,8,7,0,0,10,11,8,7,0,0,0.1,0.2727272727272727,0.0,0.0,0.7037037037037037,0.7272727272727273,0.1,0.09090909090909093,0.0,0.0,0.8,0.6363636363636364,0.0,0.0
52013,2003-10-11,0,0,England,Turkey,,22,27,1,4,0,0,9,8,0,1,11,16,9,8,1,0,0.09090909090909093,0.25,0.0,0.0,0.6666666666666666,0.5744680851063829,0.09090909090909093,0.25,0.0,1.0,0.8181818181818182,0.5,1.0,0.0
52842,2002-10-16,2,2,Macedonia,England,,13,19,4,7,0,0,2,4,0,0,10,13,2,4,0,0,0.4,0.5384615384615384,0.0,0.0,0.41935483870967744,0.6129032258064516,0.4,0.15384615384615385,0.0,0.0,0.2,0.3076923076923077,0.0,0.0
52932,2002-09-07,1,1,Portugal,England,,21,18,2,7,0,0,4,3,0,0,9,12,4,3,0,0,0.2222222222222222,0.5833333333333334,0.0,0.0,0.65625,0.6,0.3333333333333333,0.16666666666666666,0.0,0.0,0.4444444444444444,0.25,0.0,0.0
53101,2002-06-12,0,0,England,Nigeria,,21,32,6,5,0,0,4,11,0,0,12,20,4,11,0,0,0.5,0.25,0.0,0.0,0.6176470588235294,0.6808510638297872,0.16666666666666666,0.2,0.0,0.0,0.3333333333333333,0.55,0.0,0.0
53136,2002-06-02,1,1,Sweden,England,,24,21,5,5,1,1,6,4,0,0,12,11,6,4,0,0,0.4166666666666667,0.4545454545454545,1.0,1.0,0.7272727272727273,0.6363636363636364,0.08333333333333333,0.18181818181818185,0.0,0.0,0.5,0.3636363636363637,0.0,0.0
53145,2002-05-26,2,2,England,Cameroon,,19,22,4,5,0,0,4,9,0,0,10,17,4,9,0,0,0.4,0.29411764705882354,0.0,0.0,0.6551724137931034,0.6666666666666666,0.2,0.17647058823529413,0.0,0.0,0.4,0.5294117647058824,0.0,0.0
53158,2002-05-21,1,1,England,Korea Republic,,22,23,3,8,0,0,5,8,0,0,10,23,5,8,0,0,0.3,0.3478260869565217,0.0,0.0,0.7096774193548387,0.4693877551020408,0.2,0.3043478260869565,0.0,0.0,0.5,0.3478260869565217,0.0,0.0
53321,2002-02-13,1,1,England,Netherlands,,24,27,2,3,0,0,7,6,1,0,10,10,7,6,0,1,0.2,0.3,0.0,0.0,0.75,0.8181818181818182,0.1,0.1,1.0,0.0,0.7,0.6,0.0,1.0
53509,2001-11-10,1,1,Sweden,England,,35,23,3,1,0,0,12,7,0,0,16,10,12,7,0,0,0.1875,0.1,0.0,0.0,0.8536585365853658,0.7419354838709677,0.0625,0.2,0.0,0.0,0.75,0.7,0.0,0.0
53574,2001-10-06,2,2,Greece,England,,11,21,4,1,0,0,2,7,1,0,11,11,2,7,0,1,0.3636363636363637,0.09090909090909093,0.0,0.0,0.34375,0.75,0.4545454545454545,0.2727272727272727,1.0,0.0,0.18181818181818185,0.6363636363636364,0.0,1.0
54543,2000-10-11,0,0,England,Finland,,13,13,3,2,0,0,4,5,0,0,11,11,4,5,0,0,0.2727272727272727,0.18181818181818185,0.0,0.0,0.5416666666666666,0.5,0.3636363636363637,0.3636363636363637,0.0,0.0,0.3636363636363637,0.4545454545454545,0.0,0.0
54660,2000-09-02,1,1,England,France,,20,37,3,2,0,0,6,13,0,0,12,16,6,13,0,0,0.25,0.125,0.0,0.0,0.6666666666666666,0.6981132075471698,0.25,0.0625,0.0,0.0,0.5,0.8125,0.0,0.0
54983,2000-05-27,1,1,Brazil,England,,66,11,4,4,0,0,18,3,0,0,24,8,18,3,0,0,0.16666666666666666,0.5,0.0,0.0,0.7764705882352941,0.7857142857142857,0.08333333333333333,0.125,0.0,0.0,0.75,0.375,0.0,0.0
55281,2000-02-23,0,0,Argentina,England,,17,15,3,4,0,0,5,4,0,0,12,9,5,4,0,0,0.25,0.4444444444444444,0.0,0.0,0.53125,0.75,0.3333333333333333,0.1111111111111111,0.0,0.0,0.4166666666666667,0.4444444444444444,0.0,0.0
55621,1999-09-08,0,0,England,Poland,,16,18,4,2,0,0,4,7,0,1,9,13,4,7,1,0,0.4444444444444444,0.15384615384615385,0.0,0.0,0.7619047619047619,0.5806451612903226,0.1111111111111111,0.3076923076923077,0.0,1.0,0.4444444444444444,0.5384615384615384,1.0,0.0
55822,1999-06-09,1,1,England,Bulgaria,,17,7,4,3,1,1,5,3,0,0,12,13,5,3,0,0,0.3333333333333333,0.2307692307692308,1.0,1.0,0.6296296296296297,0.28,0.25,0.5384615384615384,0.0,0.0,0.4166666666666667,0.2307692307692308,0.0,0.0
55853,1999-06-05,0,0,Sweden,England,,10,17,0,3,0,0,7,5,0,1,8,11,7,5,1,0,0.0,0.2727272727272727,0.0,0.0,0.7142857142857143,0.6296296296296297,0.125,0.2727272727272727,0.0,1.0,0.875,0.4545454545454545,1.0,0.0
55933,1999-04-28,1,1,England,Hungary,,17,17,4,3,0,0,6,5,0,0,13,9,6,5,0,0,0.3076923076923077,0.3333333333333333,0.0,0.0,0.6538461538461539,0.7391304347826086,0.2307692307692308,0.1111111111111111,0.0,0.0,0.4615384615384616,0.5555555555555556,0.0,0.0
56246,1998-10-10,0,0,Bulgaria,England,,7,15,1,5,0,0,2,5,0,0,9,13,2,5,0,0,0.1111111111111111,0.38461538461538464,0.0,0.0,0.28,0.625,0.6666666666666666,0.2307692307692308,0.0,0.0,0.2222222222222222,0.38461538461538464,0.0,0.0
56484,1998-06-30,2,2,England,Argentina,,16,31,4,2,0,0,6,13,0,0,12,16,6,13,0,0,0.3333333333333333,0.125,0.0,0.0,0.7619047619047619,0.8378378378378378,0.16666666666666666,0.0625,0.0,0.0,0.5,0.8125,0.0,0.0
56584,1998-05-29,0,0,England,Belgium,,16,18,3,3,0,0,7,4,0,0,12,9,7,4,0,0,0.25,0.3333333333333333,0.0,0.0,0.8,0.6206896551724138,0.16666666666666666,0.2222222222222222,0.0,0.0,0.5833333333333334,0.4444444444444444,0.0,0.0
56602,1998-05-23,0,0,Saudi Arabia,England,,19,17,5,2,0,0,8,7,0,0,18,11,8,7,0,0,0.2777777777777778,0.18181818181818185,0.0,0.0,0.475,0.7727272727272727,0.2777777777777778,0.18181818181818185,0.0,0.0,0.4444444444444444,0.6363636363636364,0.0,0.0
56681,1998-03-25,1,1,England,Switzerland,,17,9,1,1,0,0,8,3,0,0,11,7,8,3,0,0,0.09090909090909093,0.14285714285714285,0.0,0.0,0.8095238095238095,0.5,0.18181818181818185,0.42857142857142855,0.0,0.0,0.7272727272727273,0.42857142857142855,0.0,0.0
56970,1997-10-11,0,0,England,Italy,,17,15,0,4,0,0,8,4,1,1,10,10,8,4,1,1,0.0,0.4,0.0,0.0,0.85,0.625,0.2,0.2,0.5,0.5,0.8,0.4,0.5,0.5
58109,1996-06-26,1,1,England,Germany,,17,39,6,3,0,0,5,12,0,0,11,16,5,12,0,0,0.5454545454545454,0.1875,0.0,0.0,0.8095238095238095,0.7959183673469388,0.0,0.0625,0.0,0.0,0.4545454545454545,0.75,0.0,0.0
58118,1996-06-22,0,0,England,Spain,,17,17,5,4,0,0,5,5,0,0,10,9,5,5,0,0,0.5,0.4444444444444444,0.0,0.0,0.8095238095238095,0.7727272727272727,0.0,0.0,0.0,0.0,0.5,0.5555555555555556,0.0,0.0
58191,1996-06-08,1,1,Switzerland,England,,11,14,2,5,0,0,3,3,1,0,10,9,3,3,0,1,0.2,0.5555555555555556,0.0,0.0,0.5238095238095238,0.6363636363636364,0.5,0.1111111111111111,1.0,0.0,0.3,0.3333333333333333,0.0,1.0
58327,1996-04-24,0,0,Croatia,England,,23,10,1,4,0,0,7,2,0,0,9,7,7,2,0,0,0.1111111111111111,0.5714285714285714,0.0,0.0,0.7931034482758621,0.5263157894736842,0.1111111111111111,0.14285714285714285,0.0,0.0,0.7777777777777778,0.2857142857142857,0.0,0.0
58527,1995-12-12,1,1,Portugal,England,,25,9,3,4,0,0,5,2,0,0,9,8,5,2,0,0,0.3333333333333333,0.5,0.0,0.0,0.8064516129032258,0.5,0.1111111111111111,0.25,0.0,0.0,0.5555555555555556,0.25,0.0,0.0
58662,1995-10-11,0,0,England,Norway,,8,28,4,3,0,0,2,8,0,0,8,12,2,8,0,0,0.5,0.25,0.0,0.0,0.4705882352941176,0.8235294117647058,0.25,0.08333333333333333,0.0,0.0,0.25,0.6666666666666666,0.0,0.0
58691,1995-09-06,0,0,Colombia,England,,11,10,4,3,0,0,5,3,0,0,12,8,5,3,0,0,0.3333333333333333,0.375,0.0,0.0,0.5238095238095238,0.5263157894736842,0.25,0.25,0.0,0.0,0.4166666666666667,0.375,0.0,0.0
58862,1995-06-08,3,3,Sweden,England,,30,6,6,2,0,0,6,3,0,0,17,6,6,3,0,0,0.35294117647058826,0.3333333333333333,0.0,0.0,0.5660377358490566,0.6666666666666666,0.29411764705882354,0.16666666666666666,0.0,0.0,0.35294117647058826,0.5,0.0,0.0
59015,1995-03-29,0,0,Uruguay,England,,6,9,2,2,0,0,1,3,0,0,5,6,1,3,0,0,0.4,0.3333333333333333,0.0,0.0,0.4615384615384616,0.8181818181818182,0.4,0.16666666666666666,0.0,0.0,0.2,0.5,0.0,0.0
59269,1994-10-12,1,1,Romania,England,,25,15,4,1,0,0,9,4,0,0,15,6,9,4,0,0,0.26666666666666666,0.16666666666666666,0.0,0.0,0.6097560975609756,0.8333333333333334,0.13333333333333333,0.16666666666666666,0.0,0.0,0.6,0.6666666666666666,0.0,0.0
59498,1994-05-22,0,0,Norway,England,,19,19,3,2,0,0,6,4,0,1,11,10,6,4,1,0,0.2727272727272727,0.2,0.0,0.0,0.7916666666666666,0.6333333333333333,0.18181818181818185,0.4,0.0,1.0,0.5454545454545454,0.4,1.0,0.0
60010,1993-06-13,1,1,England,Brazil,,17,24,4,3,0,0,3,6,0,0,11,10,3,6,0,0,0.3636363636363637,0.3,0.0,0.0,0.6071428571428571,0.6857142857142857,0.3636363636363637,0.1,0.0,0.0,0.2727272727272727,0.6,0.0,0.0
60061,1993-05-29,1,1,England,Poland,,18,17,4,8,0,0,4,6,0,0,10,15,4,6,0,0,0.4,0.5333333333333333,0.0,0.0,0.72,0.6071428571428571,0.2,0.06666666666666668,0.0,0.0,0.4,0.4,0.0,0.0
60157,1993-04-28,2,2,Netherlands,England,,31,20,4,5,0,0,7,5,0,0,13,12,7,5,0,0,0.3076923076923077,0.4166666666666667,0.0,0.0,0.6739130434782609,0.7142857142857143,0.15384615384615385,0.16666666666666666,0.0,0.0,0.5384615384615384,0.4166666666666667,0.0,0.0
60566,1992-10-14,1,1,Norway,England,,22,13,5,6,0,0,5,4,0,0,11,12,5,4,0,0,0.4545454545454545,0.5,0.0,0.0,0.7857142857142857,0.5652173913043478,0.09090909090909093,0.16666666666666666,0.0,0.0,0.4545454545454545,0.3333333333333333,0.0,0.0
60805,1992-06-14,0,0,England,France,,12,18,5,3,0,0,4,4,0,1,10,9,4,4,1,0,0.5,0.3333333333333333,0.0,0.0,0.6,0.5806451612903226,0.1,0.2222222222222222,0.0,1.0,0.4,0.4444444444444444,1.0,0.0
60816,1992-06-11,0,0,England,Denmark,,16,12,4,2,0,0,5,4,0,0,10,9,5,4,0,0,0.4,0.2222222222222222,0.0,0.0,0.6153846153846154,0.5454545454545454,0.1,0.3333333333333333,0.0,0.0,0.5,0.4444444444444444,0.0,0.0
60871,1992-05-17,1,1,Brazil,England,,27,22,2,4,0,0,9,8,0,0,15,13,9,8,0,0,0.13333333333333333,0.3076923076923077,0.0,0.0,0.6585365853658537,0.6666666666666666,0.26666666666666666,0.07692307692307693,0.0,0.0,0.6,0.6153846153846154,0.0,0.0
60895,1992-04-29,2,2,England,Russia,,20,25,3,6,0,0,8,7,0,1,12,16,8,7,1,0,0.25,0.375,0.0,0.0,0.6896551724137931,0.5813953488372093,0.08333333333333333,0.1875,0.0,1.0,0.6666666666666666,0.4375,1.0,0.0
60933,1992-03-25,2,2,England,Czech Republic,,19,16,3,2,0,0,8,5,0,0,12,11,8,5,0,0,0.25,0.18181818181818185,0.0,0.0,0.7037037037037037,0.5714285714285714,0.08333333333333333,0.3636363636363637,0.0,0.0,0.6666666666666666,0.4545454545454545,0.0,0.0
61058,1991-11-13,1,1,England,Poland,,19,15,3,5,0,0,8,4,0,0,12,12,8,4,0,0,0.25,0.4166666666666667,0.0,0.0,0.7037037037037037,0.4545454545454545,0.08333333333333333,0.25,0.0,0.0,0.6666666666666666,0.3333333333333333,0.0,0.0
61299,1991-05-25,2,2,Argentina,England,,12,20,6,6,0,0,4,8,0,0,12,15,4,8,0,0,0.5,0.4,0.0,0.0,0.6,0.6666666666666666,0.16666666666666666,0.06666666666666668,0.0,0.0,0.3333333333333333,0.5333333333333333,0.0,0.0
61398,1991-03-27,1,1,Ireland,England,,18,22,7,5,2,2,6,9,0,0,14,16,6,9,0,0,0.5,0.3125,1.0,1.0,0.7826086956521741,0.6470588235294118,0.07142857142857142,0.125,0.0,0.0,0.42857142857142855,0.5625,0.0,0.0
61499,1990-11-14,1,1,England,Ireland,,21,16,5,6,1,1,9,6,0,0,16,13,9,6,0,0,0.3125,0.4615384615384616,1.0,1.0,0.6363636363636364,0.8,0.125,0.07692307692307693,0.0,0.0,0.5625,0.4615384615384616,0.0,0.0
61636,1990-07-04,1,1,England,Germany,,16,28,6,3,0,0,7,8,0,0,14,12,7,8,0,0,0.42857142857142855,0.25,0.0,0.0,0.64,0.7,0.07142857142857142,0.08333333333333333,0.0,0.0,0.5,0.6666666666666666,0.0,0.0
61665,1990-06-16,0,0,Netherlands,England,,13,11,3,5,0,0,3,4,0,0,9,10,3,4,0,0,0.3333333333333333,0.5,0.0,0.0,0.5652173913043478,0.6111111111111112,0.3333333333333333,0.1,0.0,0.0,0.3333333333333333,0.4,0.0,0.0
61677,1990-06-11,1,1,Ireland,England,,12,10,3,4,0,0,5,4,0,0,8,9,5,4,0,0,0.375,0.4444444444444444,0.0,0.0,0.8571428571428571,0.625,0.0,0.1111111111111111,0.0,0.0,0.625,0.4444444444444444,0.0,0.0
61696,1990-06-02,1,1,England,Tunisia,,13,5,4,2,0,0,5,3,0,0,10,11,5,3,0,0,0.4,0.18181818181818185,0.0,0.0,0.6842105263157895,0.35714285714285715,0.1,0.5454545454545454,0.0,0.0,0.5,0.2727272727272727,0.0,0.0
61925,1989-11-15,0,0,Italy,England,,15,16,1,5,0,0,7,5,0,0,10,10,7,5,0,0,0.1,0.5,0.0,0.0,0.8333333333333334,0.8421052631578947,0.2,0.0,0.0,0.0,0.7,0.5,0.0,0.0
62002,1989-10-11,0,0,England,Poland,,16,13,5,1,0,0,5,5,0,1,10,10,5,5,1,0,0.5,0.1,0.0,0.0,0.8421052631578947,0.5416666666666666,0.0,0.4,0.0,1.0,0.5,0.5,1.0,0.0
62037,1989-09-06,0,0,England,Sweden,,17,12,4,2,1,1,6,5,0,0,10,9,6,5,0,0,0.4,0.2222222222222222,1.0,1.0,0.85,0.48,0.0,0.2222222222222222,0.0,0.0,0.6,0.5555555555555556,0.0,0.0
62186,1989-06-07,1,1,England,Denmark,,18,20,3,4,0,0,6,6,0,1,12,15,6,6,1,0,0.25,0.26666666666666666,0.0,0.0,0.6666666666666666,0.6060606060606061,0.25,0.3333333333333333,0.0,1.0,0.5,0.4,1.0,0.0
62245,1989-05-23,0,0,Chile,England,,18,15,6,3,0,0,6,5,0,0,18,11,6,5,0,0,0.3333333333333333,0.2727272727272727,0.0,0.0,0.5454545454545454,0.6,0.3333333333333333,0.2727272727272727,0.0,0.0,0.3333333333333333,0.4545454545454545,0.0,0.0
62551,1988-11-16,1,1,England,Saudi Arabia,,8,18,5,8,0,0,3,5,0,0,11,21,3,5,0,0,0.4545454545454545,0.3809523809523809,0.0,0.0,0.4444444444444444,0.4090909090909091,0.2727272727272727,0.3809523809523809,0.0,0.0,0.2727272727272727,0.2380952380952381,0.0,0.0
62603,1988-10-19,0,0,Sweden,England,,17,12,2,4,0,0,5,4,0,0,9,11,5,4,0,0,0.2222222222222222,0.3636363636363637,0.0,0.0,0.68,0.5217391304347826,0.2222222222222222,0.2727272727272727,0.0,0.0,0.5555555555555556,0.3636363636363637,0.0,0.0
62823,1988-05-24,1,1,Colombia,England,,15,16,1,3,0,0,6,3,0,0,9,7,6,3,0,0,0.1111111111111111,0.42857142857142855,0.0,0.0,0.6818181818181818,0.7272727272727273,0.2222222222222222,0.14285714285714285,0.0,0.0,0.6666666666666666,0.42857142857142855,0.0,0.0
62863,1988-04-27,0,0,England,Hungary,,16,12,5,2,0,0,2,4,0,0,8,10,2,4,0,0,0.625,0.2,0.0,0.0,0.6956521739130435,0.48,0.125,0.4,0.0,0.0,0.25,0.4,0.0,0.0
62902,1988-03-23,2,2,Netherlands,England,,21,16,2,4,0,0,6,3,0,0,8,8,6,3,0,0,0.25,0.5,0.0,0.0,0.9545454545454546,0.7619047619047619,0.0,0.125,0.0,0.0,0.75,0.375,0.0,0.0
62961,1988-02-17,0,0,England,Israel,,20,8,3,3,0,0,4,0,0,0,8,12,4,0,0,0,0.375,0.25,0.0,0.0,0.7407407407407407,0.2222222222222222,0.125,0.75,0.0,0.0,0.5,0.0,0.0,0.0
63240,1987-05-23,0,0,England,Scotland,,20,5,3,3,0,0,7,1,0,0,13,8,7,1,0,0,0.2307692307692308,0.375,0.0,0.0,0.7407407407407407,0.38461538461538464,0.2307692307692308,0.5,0.0,0.0,0.5384615384615384,0.125,0.0,0.0
63244,1987-05-19,1,1,Brazil,England,,10,19,1,2,0,0,4,7,0,0,5,12,4,7,0,0,0.2,0.16666666666666666,0.0,0.0,0.9090909090909092,0.76,0.0,0.25,0.0,0.0,0.8,0.5833333333333334,0.0,0.0
63258,1987-04-29,0,0,England,Turkey,,22,4,1,1,0,0,8,1,0,0,12,4,8,1,0,0,0.08333333333333333,0.25,0.0,0.0,0.7857142857142857,0.3333333333333333,0.25,0.5,0.0,0.0,0.6666666666666666,0.25,0.0,0.0
63554,1986-06-06,0,0,Morocco,England,,11,28,6,2,0,0,4,9,0,0,14,14,4,9,0,0,0.42857142857142855,0.14285714285714285,0.0,0.0,0.5789473684210527,0.8,0.2857142857142857,0.21428571428571427,0.0,0.0,0.2857142857142857,0.6428571428571429,0.0,0.0
63817,1985-11-13,0,0,Northern Ireland,England,,5,27,2,3,0,0,3,6,1,0,6,12,3,6,0,1,0.3333333333333333,0.25,0.0,0.0,0.7142857142857143,0.7941176470588235,0.16666666666666666,0.25,1.0,0.0,0.5,0.5,0.0,1.0
63904,1985-09-11,1,1,Romania,England,,13,27,4,2,1,1,3,7,0,0,10,12,3,7,0,0,0.4,0.16666666666666666,1.0,1.0,0.5416666666666666,0.8181818181818182,0.3,0.25,0.0,0.0,0.3,0.5833333333333334,0.0,0.0
64039,1985-05-22,1,1,England,Finland,,20,13,3,2,0,0,6,2,0,1,11,15,6,2,1,0,0.2727272727272727,0.13333333333333333,0.0,0.0,0.7692307692307693,0.2888888888888889,0.18181818181818185,0.7333333333333333,0.0,1.0,0.5454545454545454,0.13333333333333333,1.0,0.0
64072,1985-05-01,0,0,England,Romania,,20,18,2,3,0,0,6,4,0,0,11,12,6,4,0,0,0.18181818181818185,0.25,0.0,0.0,0.7407407407407407,0.5294117647058824,0.2727272727272727,0.4166666666666667,0.0,0.0,0.5454545454545454,0.3333333333333333,0.0,0.0
64685,1984-06-17,0,0,England,Chile,,12,22,2,3,0,0,4,7,0,0,11,13,4,7,0,0,0.18181818181818185,0.2307692307692308,0.0,0.0,0.5454545454545454,0.6666666666666666,0.4545454545454545,0.2307692307692308,0.0,0.0,0.3636363636363637,0.5384615384615384,0.0,0.0
64722,1984-05-26,1,1,England,Scotland,,12,13,3,1,0,0,5,5,0,1,11,9,5,5,1,0,0.2727272727272727,0.1111111111111111,0.0,0.0,0.7058823529411765,0.6190476190476191,0.2727272727272727,0.3333333333333333,0.0,1.0,0.4545454545454545,0.5555555555555556,1.0,0.0
65140,1983-06-19,1,1,England,Australia,,25,8,6,1,2,2,8,2,0,0,15,6,8,2,0,0,0.4,0.16666666666666666,1.0,1.0,0.8333333333333334,0.6153846153846154,0.06666666666666668,0.5,0.0,0.0,0.5333333333333333,0.3333333333333333,0.0,0.0
65149,1983-06-12,0,0,England,Australia,,27,8,5,0,0,0,8,2,0,0,14,4,8,2,0,0,0.35714285714285715,0.0,0.0,0.0,0.8181818181818182,0.6666666666666666,0.07142857142857142,0.5,0.0,0.0,0.5714285714285714,0.5,0.0,0.0
65180,1983-05-28,0,0,England,Northern Ireland,,31,9,5,5,0,0,9,4,0,0,15,11,9,4,0,0,0.3333333333333333,0.4545454545454545,0.0,0.0,0.7948717948717948,0.4736842105263158,0.06666666666666668,0.18181818181818185,0.0,0.0,0.6,0.3636363636363637,0.0,0.0
65254,1983-03-30,0,0,Greece,England,,7,32,1,4,0,0,2,10,1,0,8,15,2,10,0,1,0.125,0.26666666666666666,0.0,0.0,0.35,0.8,0.625,0.06666666666666668,1.0,0.0,0.25,0.6666666666666666,0.0,1.0
65404,1982-09-22,2,2,England,Denmark,,20,11,3,1,0,0,9,4,0,0,12,8,9,4,0,0,0.25,0.125,0.0,0.0,0.8695652173913043,0.5238095238095238,0.0,0.375,0.0,0.0,0.75,0.5,0.0,0.0
65447,1982-07-05,0,0,England,Spain,,21,19,2,4,0,0,9,6,0,0,12,13,9,6,0,0,0.16666666666666666,0.3076923076923077,0.0,0.0,0.8076923076923077,0.6551724137931034,0.08333333333333333,0.2307692307692308,0.0,0.0,0.75,0.4615384615384616,0.0,0.0
65456,1982-06-29,0,0,England,Germany,,21,40,1,1,0,0,9,10,0,0,11,13,9,10,0,0,0.09090909090909093,0.07692307692307693,0.0,0.0,0.8076923076923077,0.7843137254901961,0.09090909090909093,0.15384615384615385,0.0,0.0,0.8181818181818182,0.7692307692307693,0.0,0.0
65512,1982-06-02,1,1,England,Iceland,,13,8,0,3,0,0,6,2,0,0,7,6,6,2,0,0,0.0,0.5,0.0,0.0,0.8125,0.5714285714285714,0.14285714285714285,0.16666666666666666,0.0,0.0,0.8571428571428571,0.3333333333333333,0.0,0.0
65985,1981-05-20,0,0,Wales,England,,15,16,0,3,0,0,6,5,0,0,8,12,6,5,0,0,0.0,0.25,0.0,0.0,0.8333333333333334,0.5925925925925926,0.25,0.3333333333333333,0.0,0.0,0.75,0.4166666666666667,0.0,0.0
66013,1981-04-29,0,0,Romania,England,,16,20,1,2,0,0,5,6,0,1,9,12,5,6,1,0,0.1111111111111111,0.16666666666666666,0.0,0.0,0.6153846153846154,0.5714285714285714,0.3333333333333333,0.3333333333333333,0.0,1.0,0.5555555555555556,0.5,1.0,0.0
66487,1980-06-12,1,1,England,Belgium,,24,20,1,0,0,0,8,8,0,0,11,9,8,8,0,0,0.09090909090909093,0.0,0.0,0.0,0.6666666666666666,0.8,0.18181818181818185,0.1111111111111111,0.0,0.0,0.7272727272727273,0.8888888888888888,0.0,0.0
66520,1980-05-20,1,1,Northern Ireland,England,,4,25,2,2,0,0,2,8,1,0,7,12,2,8,0,1,0.2857142857142857,0.16666666666666666,0.0,0.0,0.26666666666666666,0.6944444444444444,0.42857142857142855,0.16666666666666666,1.0,0.0,0.2857142857142857,0.6666666666666666,0.0,1.0
66903,1979-06-10,0,0,England,Sweden,,18,11,2,2,0,0,6,2,0,0,8,8,6,2,0,0,0.25,0.25,0.0,0.0,0.7826086956521741,0.4583333333333333,0.0,0.5,0.0,0.0,0.75,0.25,0.0,0.0
66923,1979-05-23,0,0,Wales,England,,11,16,0,1,0,0,3,5,0,0,4,6,3,5,0,0,0.0,0.16666666666666666,0.0,0.0,0.8461538461538461,0.7619047619047619,0.25,0.0,0.0,0.0,0.75,0.8333333333333334,0.0,0.0
67095,1978-10-25,1,1,England,Ireland,,17,7,1,3,0,0,6,1,0,0,8,5,6,1,0,0,0.125,0.6,0.0,0.0,0.68,0.4666666666666667,0.125,0.2,0.0,0.0,0.75,0.2,0.0,0.0
67295,1978-04-19,1,1,Brazil,England,,18,9,4,4,1,1,5,3,0,0,10,10,5,3,0,0,0.4,0.4,1.0,1.0,0.7826086956521741,0.5625,0.1,0.3,0.0,0.0,0.5,0.3,0.0,0.0
67513,1977-09-07,0,0,Switzerland,England,,4,12,0,4,0,0,1,3,0,0,7,11,1,3,0,0,0.0,0.3636363636363637,0.0,0.0,0.2352941176470588,0.5217391304347826,0.8571428571428571,0.3636363636363637,0.0,0.0,0.14285714285714285,0.2727272727272727,0.0,0.0
67582,1977-06-15,0,0,England,Uruguay,,12,16,3,8,0,0,3,4,0,0,10,14,3,4,0,0,0.3,0.5714285714285714,0.0,0.0,0.5217391304347826,0.5714285714285714,0.4,0.14285714285714285,0.0,0.0,0.3,0.2857142857142857,0.0,0.0
67591,1977-06-12,1,1,England,Argentina,,15,16,2,2,0,0,4,5,0,0,10,8,4,5,0,0,0.2,0.25,0.0,0.0,0.5769230769230769,0.6956521739130435,0.4,0.125,0.0,0.0,0.4,0.625,0.0,0.0
67596,1977-06-08,0,0,England,Brazil,,15,14,1,2,0,0,4,5,0,0,9,7,4,5,0,0,0.1111111111111111,0.2857142857142857,0.0,0.0,0.5769230769230769,0.875,0.4444444444444444,0.0,0.0,0.0,0.4444444444444444,0.7142857142857143,0.0,0.0
67931,1976-09-08,1,1,Ireland,England,,9,20,0,1,0,0,3,6,0,0,3,10,3,6,0,0,0.0,0.1,0.0,0.0,1.0,0.6451612903225806,0.0,0.3,0.0,0.0,1.0,0.6,0.0,0.0
68215,1975-11-19,1,1,England,Portugal,,18,6,3,2,1,1,5,2,0,0,9,7,5,2,0,0,0.3333333333333333,0.2857142857142857,1.0,1.0,0.75,0.4,0.1111111111111111,0.42857142857142855,0.0,0.0,0.5555555555555556,0.2857142857142857,0.0,0.0
68425,1975-05-21,2,2,Wales,England,,15,17,1,5,0,0,4,5,0,0,6,10,4,5,0,0,0.16666666666666666,0.5,0.0,0.0,0.7142857142857143,0.7727272727272727,0.16666666666666666,0.0,0.0,0.0,0.6666666666666666,0.5,0.0,0.0
68431,1975-05-17,0,0,England,Northern Ireland,,17,4,4,0,0,0,5,2,0,0,10,4,5,2,0,0,0.4,0.0,0.0,0.0,0.7083333333333334,0.5714285714285714,0.1,0.5,0.0,0.0,0.5,0.5,0.0,0.0
68578,1974-11-20,0,0,Portugal,England,,0,12,1,4,1,1,0,4,0,0,2,9,0,4,0,0,0.5,0.4444444444444444,1.0,1.0,0.0,0.631578947368421,0.5,0.1111111111111111,0.0,0.0,0.0,0.4444444444444444,0.0,0.0
68739,1974-06-05,2,2,England,Yugoslavia,,17,8,4,2,0,0,5,2,0,0,13,6,5,2,0,0,0.3076923076923077,0.3333333333333333,0.0,0.0,0.5862068965517241,0.5333333333333333,0.3076923076923077,0.3333333333333333,0.0,0.0,0.38461538461538464,0.3333333333333333,0.0,0.0
68749,1974-05-29,1,1,England,German DR,,15,27,3,0,0,0,4,12,0,0,11,12,4,12,0,0,0.2727272727272727,0.0,0.0,0.0,0.5769230769230769,0.8709677419354839,0.3636363636363637,0.0,0.0,0.0,0.3636363636363637,1.0,0.0,0.0
68754,1974-05-22,2,2,Argentina,England,,22,14,2,3,0,0,7,4,0,0,10,11,7,4,0,0,0.2,0.2727272727272727,0.0,0.0,0.6470588235294118,0.5833333333333334,0.1,0.3636363636363637,0.0,0.0,0.7,0.3636363636363637,0.0,0.0
68798,1974-04-03,0,0,England,Portugal,,17,4,2,2,0,0,5,0,0,0,10,3,5,0,0,0,0.2,0.6666666666666666,0.0,0.0,0.6538461538461539,0.4444444444444444,0.3,0.3333333333333333,0.0,0.0,0.5,0.0,0.0,0.0
68964,1973-10-17,1,1,Poland,England,,27,23,2,2,0,0,10,7,0,1,14,11,10,7,1,0,0.14285714285714285,0.18181818181818185,0.0,0.0,0.7714285714285715,0.7419354838709677,0.14285714285714285,0.18181818181818185,0.0,1.0,0.7142857142857143,0.6363636363636364,1.0,0.0
69143,1973-05-27,1,1,England,Czech Republic,,15,4,2,3,0,0,6,0,0,0,8,8,6,0,0,0,0.25,0.375,0.0,0.0,0.8333333333333334,0.2222222222222222,0.0,0.625,0.0,0.0,0.75,0.0,0.0,0.0
69296,1973-01-24,1,1,Wales,England,,0,7,1,2,0,0,0,3,2,0,4,7,0,3,0,2,0.25,0.2857142857142857,0.0,0.0,0.0,0.5833333333333334,0.75,0.2857142857142857,1.0,0.0,0.0,0.42857142857142855,0.0,1.0
69402,1972-10-11,1,1,Yugoslavia,England,,24,11,5,2,0,0,5,4,0,0,13,8,5,4,0,0,0.38461538461538464,0.25,0.0,0.0,0.5853658536585366,0.6111111111111112,0.2307692307692308,0.25,0.0,0.0,0.38461538461538464,0.5,0.0,0.0
69600,1972-05-13,0,0,England,Germany,,11,25,2,1,0,0,4,7,1,0,7,9,4,7,0,1,0.2857142857142857,0.1111111111111111,0.0,0.0,0.6111111111111112,0.8333333333333334,0.14285714285714285,0.1111111111111111,1.0,0.0,0.5714285714285714,0.7777777777777778,0.0,1.0
69783,1971-11-10,1,1,Switzerland,England,,17,19,0,1,0,0,5,7,1,0,8,8,5,7,0,1,0.0,0.125,0.0,0.0,0.6538461538461539,0.8260869565217391,0.375,0.0,1.0,0.0,0.625,0.875,0.0,1.0
69995,1971-05-19,0,0,Wales,England,,1,23,2,0,0,0,0,9,0,0,3,11,0,9,0,0,0.6666666666666666,0.0,0.0,0.0,0.25,0.8214285714285714,0.3333333333333333,0.18181818181818185,0.0,0.0,0.0,0.8181818181818182,0.0,0.0
70319,1970-04-25,0,0,England,Scotland,,25,19,3,3,0,0,9,3,0,1,13,9,9,3,1,0,0.2307692307692308,0.3333333333333333,0.0,0.0,0.7352941176470589,0.5757575757575758,0.07692307692307693,0.3333333333333333,0.0,1.0,0.6923076923076923,0.3333333333333333,1.0,0.0
70325,1970-04-18,1,1,England,Wales,,21,6,2,1,0,0,8,0,0,1,11,5,8,0,1,0,0.18181818181818185,0.2,0.0,0.0,0.75,0.3,0.09090909090909093,0.8,0.0,1.0,0.7272727272727273,0.0,1.0,0.0
70390,1970-01-14,0,0,Netherlands,England,,9,24,1,2,0,0,3,8,1,0,6,11,3,8,0,1,0.16666666666666666,0.18181818181818185,0.0,0.0,0.6923076923076923,0.7741935483870968,0.3333333333333333,0.09090909090909093,1.0,0.0,0.5,0.7272727272727273,0.0,1.0
70623,1969-06-01,0,0,England,Mexico,,18,29,3,5,0,0,5,9,0,0,10,23,5,9,0,0,0.3,0.21739130434782608,0.0,0.0,0.72,0.5370370370370371,0.2,0.39130434782608703,0.0,0.0,0.5,0.39130434782608703,0.0,0.0
70719,1969-01-15,1,1,Romania,England,,3,10,3,3,1,1,1,4,0,0,5,9,1,4,0,0,0.6,0.3333333333333333,1.0,1.0,0.42857142857142855,0.625,0.2,0.2222222222222222,0.0,0.0,0.2,0.4444444444444444,0.0,0.0
70748,1968-12-11,1,1,Bulgaria,England,,7,9,1,2,0,0,3,4,0,0,5,8,3,4,0,0,0.2,0.25,0.0,0.0,0.6363636363636364,0.6428571428571429,0.2,0.25,0.0,0.0,0.6,0.5,0.0,0.0
70803,1968-11-06,0,0,England,Romania,,13,3,2,3,0,0,5,1,0,0,9,5,5,1,0,0,0.2222222222222222,0.6,0.0,0.0,0.65,0.375,0.2222222222222222,0.2,0.0,0.0,0.5555555555555556,0.2,0.0,0.0
71008,1968-02-24,1,1,England,Scotland,,12,8,1,0,0,0,4,3,1,0,6,5,4,3,0,1,0.16666666666666666,0.0,0.0,0.0,0.7058823529411765,0.5,0.16666666666666666,0.4,1.0,0.0,0.6666666666666666,0.6,0.0,1.0
71045,1967-12-06,2,2,Russia,England,,29,10,1,0,0,0,9,4,0,0,13,5,9,4,0,0,0.07692307692307693,0.0,0.0,0.0,0.6590909090909091,0.7692307692307693,0.2307692307692308,0.2,0.0,0.0,0.6923076923076923,0.8,0.0,0.0
71430,1966-11-02,0,0,Czech Republic,England,,7,37,1,2,0,0,1,15,0,0,5,17,1,15,0,0,0.2,0.1176470588235294,0.0,0.0,0.4666666666666667,0.8043478260869565,0.6,0.0,0.0,0.0,0.2,0.8823529411764706,0.0,0.0
71532,1966-07-11,0,0,Uruguay,England,,9,26,2,2,0,0,2,9,0,0,8,12,2,9,0,0,0.25,0.16666666666666666,0.0,0.0,0.375,0.7428571428571429,0.5,0.08333333333333333,0.0,0.0,0.25,0.75,0.0,0.0
71675,1966-01-05,1,1,Poland,England,,12,13,4,3,0,0,2,5,0,0,8,9,2,5,0,0,0.5,0.3333333333333333,0.0,0.0,0.5217391304347826,0.6190476190476191,0.25,0.1111111111111111,0.0,0.0,0.25,0.5555555555555556,0.0,0.0
71754,1965-10-02,0,0,England,Wales,,16,15,4,0,0,0,5,3,0,1,9,8,5,3,1,0,0.4444444444444444,0.0,0.0,0.0,0.5925925925925926,0.5172413793103449,0.0,0.625,0.0,1.0,0.5555555555555556,0.375,1.0,0.0
71892,1965-05-09,1,1,England,Yugoslavia,,31,12,4,1,0,0,6,3,0,0,12,8,6,3,0,0,0.3333333333333333,0.125,0.0,0.0,0.6078431372549019,0.48,0.16666666666666666,0.5,0.0,0.0,0.5,0.375,0.0,0.0
71925,1965-04-10,2,2,Scotland,England,,11,30,1,3,0,0,3,6,0,1,5,12,3,6,1,0,0.2,0.25,0.0,0.0,0.5789473684210527,0.6,0.2,0.25,0.0,1.0,0.6,0.5,1.0,0.0
71998,1964-12-09,1,1,England,Netherlands,,29,5,2,2,0,0,6,2,0,0,11,6,6,2,0,0,0.18181818181818185,0.3333333333333333,0.0,0.0,0.6041666666666666,0.625,0.2727272727272727,0.3333333333333333,0.0,0.0,0.5454545454545454,0.3333333333333333,0.0,0.0
72033,1964-10-21,2,2,Belgium,England,,6,33,1,1,0,0,3,6,0,0,6,10,3,6,0,0,0.16666666666666666,0.1,0.0,0.0,0.5,0.6346153846153846,0.3333333333333333,0.3,0.0,0.0,0.5,0.6,0.0,0.0
72110,1964-06-04,1,1,Portugal,England,,8,40,0,0,0,0,2,7,1,0,4,9,2,7,0,1,0.0,0.0,0.0,0.0,0.4705882352941176,0.7272727272727273,0.5,0.2222222222222222,1.0,0.0,0.5,0.7777777777777778,0.0,1.0
72333,1963-05-08,1,1,Brazil,England,,48,23,3,2,0,0,13,5,0,1,23,11,13,5,1,0,0.13043478260869565,0.18181818181818185,0.0,0.0,0.5647058823529412,0.5897435897435898,0.3043478260869565,0.3636363636363637,0.0,1.0,0.5652173913043478,0.4545454545454545,1.0,0.0
72515,1962-10-03,1,1,France,England,,3,19,1,3,0,0,0,5,0,0,6,11,0,5,0,0,0.16666666666666666,0.2727272727272727,0.0,0.0,0.21428571428571427,0.6129032258064516,0.8333333333333334,0.2727272727272727,0.0,0.0,0.0,0.4545454545454545,0.0,0.0
72583,1962-06-07,0,0,England,Bulgaria,,22,8,2,0,0,0,6,4,0,0,10,8,6,4,0,0,0.2,0.0,0.0,0.0,0.6875,0.3636363636363637,0.2,0.5,0.0,0.0,0.6,0.5,0.0,0.0
72694,1961-11-22,1,1,Northern Ireland,England,,8,34,0,2,0,0,1,6,0,0,6,9,1,6,0,0,0.0,0.2222222222222222,0.0,0.0,0.3076923076923077,0.7391304347826086,0.8333333333333334,0.1111111111111111,0.0,0.0,0.16666666666666666,0.6666666666666666,0.0,0.0
72729,1961-10-14,1,1,England,Wales,,44,12,1,1,0,0,7,2,0,1,9,6,7,2,1,0,0.1111111111111111,0.16666666666666666,0.0,0.0,0.7719298245614035,0.5,0.1111111111111111,0.5,0.0,1.0,0.7777777777777778,0.3333333333333333,1.0,0.0
72805,1961-05-21,1,1,England,Portugal,,40,7,0,0,0,0,6,1,0,0,7,2,6,1,0,0,0.0,0.0,0.0,0.0,0.8,0.5833333333333334,0.14285714285714285,0.5,0.0,0.0,0.8571428571428571,0.5,0.0,0.0
73030,1960-05-11,3,3,Yugoslavia,England,,18,16,2,2,0,0,4,2,0,0,8,8,4,2,0,0,0.25,0.25,0.0,0.0,0.6666666666666666,0.5161290322580645,0.25,0.5,0.0,0.0,0.5,0.25,0.0,0.0
73055,1960-04-09,1,1,England,Scotland,,18,9,2,0,0,0,3,3,0,1,9,5,3,3,1,0,0.2222222222222222,0.0,0.0,0.0,0.5294117647058824,0.6428571428571429,0.4444444444444444,0.4,0.0,1.0,0.3333333333333333,0.6,1.0,0.0
73136,1959-10-17,1,1,England,Wales,,20,3,2,1,1,1,3,0,0,0,8,3,3,0,0,0,0.25,0.3333333333333333,1.0,1.0,0.6060606060606061,0.25,0.375,0.6666666666666666,0.0,0.0,0.375,0.0,0.0,0.0
73220,1959-05-06,2,2,Italy,England,,4,18,3,6,0,0,0,3,0,0,3,11,0,3,0,0,1.0,0.5454545454545454,0.0,0.0,0.5,0.5142857142857142,0.0,0.18181818181818185,0.0,0.0,0.0,0.2727272727272727,0.0,0.0
73278,1958-11-26,2,2,Wales,England,,9,23,4,5,0,0,3,4,0,0,9,11,3,4,0,0,0.4444444444444444,0.4545454545454545,0.0,0.0,0.5294117647058824,0.6052631578947368,0.2222222222222222,0.18181818181818185,0.0,0.0,0.3333333333333333,0.3636363636363637,0.0,0.0
73310,1958-10-04,3,3,England,Northern Ireland,,21,15,4,4,0,0,4,4,1,0,11,10,4,4,0,1,0.3636363636363637,0.4,0.0,0.0,0.5833333333333334,0.46875,0.2727272727272727,0.2,1.0,0.0,0.3636363636363637,0.4,0.0,1.0
73353,1958-06-15,2,2,England,Austria,,19,15,3,3,0,0,4,3,0,0,9,8,4,3,0,0,0.3333333333333333,0.375,0.0,0.0,0.6129032258064516,0.5172413793103449,0.2222222222222222,0.25,0.0,0.0,0.4444444444444444,0.375,0.0,0.0
73364,1958-06-11,0,0,England,Brazil,,19,24,2,2,0,0,4,7,0,0,8,11,4,7,0,0,0.25,0.18181818181818185,0.0,0.0,0.6129032258064516,0.7741935483870968,0.25,0.18181818181818185,0.0,0.0,0.5,0.6363636363636364,0.0,0.0
73371,1958-06-08,2,2,Russia,England,,25,17,1,1,1,1,6,4,0,0,8,7,6,4,0,0,0.125,0.14285714285714285,1.0,1.0,0.8333333333333334,0.6296296296296297,0.125,0.2857142857142857,0.0,0.0,0.75,0.5714285714285714,0.0,0.0
73382,1958-05-18,1,1,England,Russia,,17,25,1,1,0,0,4,6,0,0,7,8,4,6,0,0,0.14285714285714285,0.125,0.0,0.0,0.6296296296296297,0.8333333333333334,0.2857142857142857,0.125,0.0,0.0,0.5714285714285714,0.75,0.0,0.0
73588,1957-05-19,1,1,England,Ireland,,28,6,1,0,0,0,7,2,0,1,8,3,7,2,1,0,0.125,0.0,0.0,0.0,0.7777777777777778,0.5,0.0,0.3333333333333333,0.0,1.0,0.875,0.6666666666666666,1.0,0.0
73701,1956-10-06,1,1,England,Northern Ireland,,18,3,2,1,0,0,4,1,0,1,7,3,4,1,1,0,0.2857142857142857,0.3333333333333333,0.0,0.0,0.72,0.375,0.14285714285714285,0.3333333333333333,0.0,1.0,0.5714285714285714,0.3333333333333333,1.0,0.0
73779,1956-05-16,0,0,England,Sweden,,20,19,2,2,0,0,4,3,0,0,8,7,4,3,0,0,0.25,0.2857142857142857,0.0,0.0,0.6451612903225806,0.5277777777777778,0.25,0.2857142857142857,0.0,0.0,0.5,0.42857142857142855,0.0,0.0
73795,1956-04-14,1,1,England,Scotland,,15,13,1,1,0,0,3,3,0,0,7,6,3,3,0,0,0.14285714285714285,0.16666666666666666,0.0,0.0,0.625,0.6190476190476191,0.42857142857142855,0.3333333333333333,0.0,0.0,0.42857142857142855,0.5,0.0,0.0
73959,1955-05-18,1,1,England,Spain,,24,1,1,0,0,0,5,0,0,0,9,1,5,0,0,0,0.1111111111111111,0.0,0.0,0.0,0.5333333333333333,0.3333333333333333,0.3333333333333333,1.0,0.0,0.0,0.5555555555555556,0.0,0.0,0.0
74081,1954-06-17,4,4,England,Belgium,,15,15,0,4,0,0,3,3,0,0,6,8,3,3,0,0,0.0,0.5,0.0,0.0,0.4545454545454545,0.6521739130434783,0.5,0.125,0.0,0.0,0.5,0.375,0.0,0.0
74244,1953-05-17,0,0,England,Argentina,,22,7,3,0,0,0,4,3,1,0,8,3,4,3,0,1,0.375,0.0,0.0,0.0,0.6470588235294118,0.7777777777777778,0.125,0.0,1.0,0.0,0.5,1.0,0.0,1.0
74259,1953-04-18,2,2,Scotland,England,,12,19,1,2,0,0,3,4,0,0,5,6,3,4,0,0,0.2,0.3333333333333333,0.0,0.0,0.6666666666666666,0.7307692307692307,0.2,0.0,0.0,0.0,0.6,0.6666666666666666,0.0,0.0
74341,1952-10-04,2,2,England,Northern Ireland,,14,0,3,0,0,0,4,0,0,1,7,3,4,0,1,0,0.42857142857142855,0.0,0.0,0.0,0.6666666666666666,0.0,0.0,1.0,0.0,1.0,0.5714285714285714,0.0,1.0,0.0
74390,1952-05-18,1,1,England,Italy,,14,6,3,2,0,0,3,1,0,0,6,4,3,1,0,0,0.5,0.5,0.0,0.0,0.6363636363636364,0.5454545454545454,0.0,0.25,0.0,0.0,0.5,0.25,0.0,0.0
74437,1951-11-28,2,2,Austria,England,,18,14,2,2,0,0,3,3,0,0,6,6,3,3,0,0,0.3333333333333333,0.3333333333333333,0.0,0.0,0.6923076923076923,0.6086956521739131,0.16666666666666666,0.16666666666666666,0.0,0.0,0.5,0.5,0.0,0.0
74452,1951-10-20,1,1,England,Wales,,17,10,2,0,0,0,3,3,0,1,6,5,3,3,1,0,0.3333333333333333,0.0,0.0,0.0,0.5862068965517241,0.4761904761904762,0.16666666666666666,0.4,0.0,1.0,0.5,0.6,1.0,0.0
74460,1951-10-03,2,2,France,England,,13,19,2,1,0,0,2,4,0,0,6,6,2,4,0,0,0.3333333333333333,0.16666666666666666,0.0,0.0,0.5,0.6333333333333333,0.3333333333333333,0.16666666666666666,0.0,0.0,0.3333333333333333,0.6666666666666666,0.0,0.0
74539,1950-11-22,2,2,Yugoslavia,England,,33,22,0,0,0,0,8,7,0,0,11,9,8,7,0,0,0.0,0.0,0.0,0.0,0.6470588235294118,0.7096774193548387,0.2727272727272727,0.2222222222222222,0.0,0.0,0.7272727272727273,0.7777777777777778,0.0,0.0
74845,1948-09-26,0,0,England,Denmark,,15,16,1,0,0,0,4,3,0,0,5,4,4,3,0,0,0.2,0.0,0.0,0.0,0.7894736842105263,0.8421052631578947,0.0,0.25,0.0,0.0,0.8,0.75,0.0,0.0
74976,1947-11-05,2,2,Northern Ireland,England,,4,33,1,1,0,0,2,6,0,0,3,8,2,6,0,0,0.3333333333333333,0.125,0.0,0.0,0.8,0.8461538461538461,0.0,0.125,0.0,0.0,0.6666666666666666,0.75,0.0,0.0
75054,1947-04-12,1,1,Scotland,England,,4,24,1,0,0,0,1,5,0,0,3,6,1,5,0,0,0.3333333333333333,0.0,0.0,0.0,0.5,0.7741935483870968,0.3333333333333333,0.16666666666666666,0.0,0.0,0.3333333333333333,0.8333333333333334,0.0,0.0
75194,1945-05-26,2,2,France,England,,3,0,0,0,0,0,1,0,0,0,2,0,1,0,0,0,0.0,0.0,0.0,0.0,0.6,0.0,0.5,0.0,0.0,0.0,0.5,0.0,0.0,0.0
75504,1939-05-13,2,2,England,Italy,,26,27,0,0,0,0,5,9,0,0,7,9,5,9,0,0,0.0,0.0,0.0,0.0,0.6842105263157895,0.7714285714285715,0.2857142857142857,0.0,0.0,0.0,0.7142857142857143,1.0,0.0,0.0
75841,1936-04-04,1,1,Scotland,England,,14,8,1,0,0,0,4,3,0,1,5,5,4,3,1,0,0.2,0.0,0.0,0.0,0.7777777777777778,0.6153846153846154,0.0,0.4,0.0,1.0,0.8,0.6,1.0,0.0
76134,1933-05-13,1,1,England,Italy,,6,16,1,0,0,0,2,5,0,0,4,6,2,5,0,0,0.25,0.0,0.0,0.0,0.5454545454545454,0.6956521739130435,0.25,0.16666666666666666,0.0,0.0,0.5,0.8333333333333334,0.0,0.0
76164,1932-11-16,0,0,England,Wales,,14,6,0,0,0,0,4,1,0,1,4,3,4,1,1,0,0.0,0.0,0.0,0.0,0.875,0.4,0.0,0.6666666666666666,0.0,1.0,1.0,0.3333333333333333,1.0,0.0
76415,1930-05-14,0,0,England,Austria,,20,8,1,1,0,0,3,2,0,0,5,4,3,2,0,0,0.2,0.25,0.0,0.0,0.6896551724137931,0.5714285714285714,0.2,0.25,0.0,0.0,0.6,0.5,0.0,0.0
76419,1930-05-10,3,3,England,Germany,,22,13,0,1,0,0,4,3,0,0,5,5,4,3,0,0,0.0,0.2,0.0,0.0,0.7586206896551724,0.8125,0.2,0.2,0.0,0.0,0.8,0.6,0.0,0.0
76673,1927-02-12,3,3,England,Wales,,9,3,1,0,0,0,1,1,1,0,4,3,1,1,0,1,0.25,0.0,0.0,0.0,0.4736842105263158,0.3,0.5,0.6666666666666666,1.0,0.0,0.25,0.3333333333333333,0.0,1.0
76693,1926-10-20,3,3,Northern Ireland,England,,3,6,1,1,1,1,1,1,0,0,3,4,1,1,0,0,0.3333333333333333,0.25,1.0,1.0,0.42857142857142855,0.4615384615384616,0.3333333333333333,0.5,0.0,0.0,0.3333333333333333,0.25,0.0,0.0
76776,1925-10-24,0,0,England,Northern Ireland,,9,0,0,1,0,0,3,0,0,0,4,2,3,0,0,0,0.0,0.5,0.0,0.0,0.6428571428571429,0.0,0.25,0.5,0.0,0.0,0.75,0.0,0.0,0.0
76904,1924-04-12,1,1,Scotland,England,,4,17,1,2,1,1,1,3,0,0,3,7,1,3,0,0,0.3333333333333333,0.2857142857142857,1.0,1.0,0.5,0.5862068965517241,0.3333333333333333,0.2857142857142857,0.0,0.0,0.3333333333333333,0.42857142857142855,0.0,0.0
76935,1923-11-01,2,2,England,Belgium,,22,7,2,1,0,0,4,2,0,1,7,4,4,2,1,0,0.2857142857142857,0.25,0.0,0.0,0.6666666666666666,0.4666666666666667,0.14285714285714285,0.25,0.0,1.0,0.5714285714285714,0.5,1.0,0.0
76988,1923-04-14,2,2,England,Scotland,,10,3,1,0,0,0,2,2,0,0,3,2,2,2,0,0,0.3333333333333333,0.0,0.0,0.0,0.7692307692307693,1.0,0.0,0.0,0.0,0.0,0.6666666666666666,1.0,0.0,0.0
76993,1923-03-05,2,2,England,Wales,,3,0,0,0,0,0,2,0,0,1,3,1,2,0,1,0,0.0,0.0,0.0,0.0,0.75,0.0,0.3333333333333333,1.0,0.0,1.0,0.6666666666666666,0.0,1.0,0.0
77079,1921-10-22,1,1,England,Northern Ireland,,4,1,1,0,0,0,2,0,0,1,4,3,2,0,1,0,0.25,0.0,0.0,0.0,0.5714285714285714,0.14285714285714285,0.25,1.0,0.0,1.0,0.5,0.0,1.0,0.0
77115,1921-03-14,0,0,England,Wales,,8,3,0,0,0,0,2,1,1,0,3,2,2,1,0,1,0.0,0.0,0.0,0.0,0.5714285714285714,0.5,0.3333333333333333,0.5,1.0,0.0,0.6666666666666666,0.5,0.0,1.0
77158,1919-10-25,1,1,England,Northern Ireland,,0,0,0,0,0,0,0,0,0,0,0,0,0,0,0,0,0.0,0.0,0.0,0.0,0.0,0.0,0.0,0.0,0.0,0.0,0.0,0.0,0.0,0.0
77357,1912-03-23,1,1,England,Scotland,,9,6,1,1,1,1,2,2,0,0,3,3,2,2,0,0,0.3333333333333333,0.3333333333333333,1.0,1.0,0.8181818181818182,0.75,0.0,0.0,0.0,0.0,0.6666666666666666,0.6666666666666666,0.0,0.0
77389,1911-04-01,1,1,Scotland,England,,6,5,1,0,0,0,2,2,0,1,3,3,2,2,1,0,0.3333333333333333,0.0,0.0,0.0,0.75,0.625,0.0,0.3333333333333333,0.0,1.0,0.6666666666666666,0.6666666666666666,1.0,0.0
77425,1910-02-12,1,1,England,Northern Ireland,,28,2,0,0,0,0,6,0,0,1,6,3,6,0,1,0,0.0,0.0,0.0,0.0,0.8484848484848485,0.14285714285714285,0.0,1.0,0.0,1.0,1.0,0.0,1.0,0.0
77464,1908-04-04,1,1,England,Scotland,,11,8,1,1,1,1,2,2,0,0,3,3,2,2,0,0,0.3333333333333333,0.3333333333333333,1.0,1.0,0.7857142857142857,0.8,0.0,0.0,0.0,0.0,0.6666666666666666,0.6666666666666666,0.0,0.0
77478,1907-04-06,1,1,Scotland,England,,5,3,0,1,0,0,2,1,0,1,3,3,2,1,1,0,0.0,0.3333333333333333,0.0,0.0,0.7142857142857143,0.5,0.3333333333333333,0.3333333333333333,0.0,1.0,0.6666666666666666,0.3333333333333333,1.0,0.0
77479,1907-03-18,1,1,Wales,England,,8,3,1,0,0,0,2,2,1,0,4,3,2,2,0,1,0.25,0.0,0.0,0.0,0.5333333333333333,0.6,0.25,0.3333333333333333,1.0,0.0,0.5,0.6666666666666666,0.0,1.0
77508,1905-02-25,1,1,Northern Ireland,England,,3,6,1,1,0,0,1,2,1,0,3,3,1,2,0,1,0.3333333333333333,0.3333333333333333,0.0,0.0,0.42857142857142855,0.6666666666666666,0.3333333333333333,0.0,1.0,0.0,0.3333333333333333,0.6666666666666666,0.0,1.0
77517,1904-02-29,2,2,England,Wales,,3,1,0,0,0,0,1,0,0,1,2,3,1,0,1,0,0.0,0.0,0.0,0.0,0.5,0.16666666666666666,0.5,1.0,0.0,1.0,0.5,0.0,1.0,0.0
77528,1902-05-03,2,2,Scotland,England,,10,1,0,1,0,0,2,1,0,0,2,2,2,1,0,0,0.0,0.5,0.0,0.0,0.8333333333333334,1.0,0.0,0.0,0.0,0.0,1.0,0.5,0.0,0.0
77531,1902-03-03,0,0,England,Wales,,11,1,1,0,0,0,2,1,0,1,3,3,2,1,1,0,0.3333333333333333,0.0,0.0,0.0,0.8461538461538461,0.1,0.0,0.6666666666666666,0.0,1.0,0.6666666666666666,0.3333333333333333,1.0,0.0
77534,1901-03-30,2,2,Scotland,England,,16,10,1,0,0,0,2,2,0,1,3,3,2,2,1,0,0.3333333333333333,0.0,0.0,0.0,0.8888888888888888,0.7142857142857143,0.0,0.3333333333333333,0.0,1.0,0.6666666666666666,0.6666666666666666,1.0,0.0
